"UId"	"Plate"	"row"	"column"	"sample"	"rep"	"syncom"	"condition"	"fraction"	"syncom_old"	"Well"	"OTU_Header"	"ID_Matrix"
"1"	"Plate1_a_1"	"Plate1"	"a"	1	"i(full)"	"Rep1"	"I_FULL"	"inoculum"	"Inoculum"	"i_full"	"A1"	"P0Plate1VarioDrop"	"Plate1VarioDropA1"
"2"	"Plate1_a_10"	"Plate1"	"a"	10	"l19"	"Rep1"	"MINUS_S"	"control"	"Shoot"	"minus_s"	"A10"	"P18Plate1VarioDrop"	"Plate1VarioDropA10"
"3"	"Plate1_a_11"	"Plate1"	"a"	11	"r36"	"Rep1"	"MINUS_V"	"control"	"Root"	"minus_v"	"A11"	"P85Plate1VarioDrop"	"Plate1VarioDropA11"
"4"	"Plate1_a_12"	"Plate1"	"a"	12	"32"	"Rep1"	"MINUS_S"	"(pH8.2)"	"Agar_Plant"	"minus_s"	"A12"	"P82Plate1VarioDrop"	"Plate1VarioDropA12"
"5"	"Plate1_a_2"	"Plate1"	"a"	2	"41"	"Rep1"	"MINUS_V"	"(+Na)"	"Agar_Plant"	"minus_v"	"A2"	"P27Plate1VarioDrop"	"Plate1VarioDropA2"
"6"	"Plate1_a_3"	"Plate1"	"a"	3	"r42"	"Rep1"	"MINUS_V"	"(+Na)"	"Root"	"minus_v"	"A3"	"P32Plate1VarioDrop"	"Plate1VarioDropA3"
"7"	"Plate1_a_4"	"Plate1"	"a"	4	"l8"	"Rep1"	"FULL"	"(+Na)"	"Shoot"	"full"	"A4"	"P3Plate1VarioDrop"	"Plate1VarioDropA4"
"8"	"Plate1_a_5"	"Plate1"	"a"	5	"1"	"Rep1"	"FULL"	"control"	"Agar_Plant"	"full"	"A5"	"P29Plate1VarioDrop"	"Plate1VarioDropA5"
"9"	"Plate1_a_6"	"Plate1"	"a"	6	"42"	"Rep1"	"MINUS_V"	"(+Na)"	"Agar_Plant"	"minus_v"	"A6"	"P73Plate1VarioDrop"	"Plate1VarioDropA6"
"10"	"Plate1_a_7"	"Plate1"	"a"	7	"l17"	"Rep1"	"FULL"	"(MS)"	"Shoot"	"full"	"A7"	"P74Plate1VarioDrop"	"Plate1VarioDropA7"
"11"	"Plate1_a_8"	"Plate1"	"a"	8	"31"	"Rep1"	"MINUS_S"	"(pH8.2)"	"Agar_Plant"	"minus_s"	"A8"	"P89Plate1VarioDrop"	"Plate1VarioDropA8"
"12"	"Plate1_a_9"	"Plate1"	"a"	9	"L10"	"Rep1"	"FULL"	"(31C)"	"Shoot"	"full"	"A9"	"P30Plate1VarioDrop"	"Plate1VarioDropA9"
"13"	"Plate1_b_1"	"Plate1"	"b"	1	"r16"	"Rep1"	"FULL"	"(MS)"	"Root"	"full"	"B1"	"P53Plate1VarioDrop"	"Plate1VarioDropB1"
"14"	"Plate1_b_10"	"Plate1"	"b"	10	"23"	"Rep1"	"MINUS_S"	"(-P)"	"Agar_Plant"	"minus_s"	"B10"	"P88Plate1VarioDrop"	"Plate1VarioDropB10"
"15"	"Plate1_b_11"	"Plate1"	"b"	11	"55"	"Rep1"	"MINUS_SMINUS_V"	"(-P)"	"Agar_Plant"	"minus_sminus_v"	"B11"	"P44Plate1VarioDrop"	"Plate1VarioDropB11"
"16"	"Plate1_b_12"	"Plate1"	"b"	12	"l5"	"Rep1"	"FULL"	"(-P)"	"Shoot"	"full"	"B12"	"P90Plate1VarioDrop"	"Plate1VarioDropB12"
"17"	"Plate1_b_2"	"Plate1"	"b"	2	"l2"	"Rep1"	"FULL"	"control"	"Shoot"	"full"	"B2"	"P11Plate1VarioDrop"	"Plate1VarioDropB2"
"18"	"Plate1_b_3"	"Plate1"	"b"	3	"l32"	"Rep1"	"MINUS_S"	"(pH8.2)"	"Shoot"	"minus_s"	"B3"	"P93Plate1VarioDrop"	"Plate1VarioDropB3"
"19"	"Plate1_b_4"	"Plate1"	"b"	4	"r24"	"Rep1"	"MINUS_S"	"(+Na)"	"Root"	"minus_s"	"B4"	"P17Plate1VarioDrop"	"Plate1VarioDropB4"
"20"	"Plate1_b_5"	"Plate1"	"b"	5	"r35"	"Rep1"	"MINUS_V"	"control"	"Root"	"minus_v"	"B5"	"P37Plate1VarioDrop"	"Plate1VarioDropB5"
"21"	"Plate1_b_6"	"Plate1"	"b"	6	"r34"	"Rep1"	"MINUS_S"	"(MS)"	"Root"	"minus_s"	"B6"	"P71Plate1VarioDrop"	"Plate1VarioDropB6"
"22"	"Plate1_b_7"	"Plate1"	"b"	7	"r63"	"Rep1"	"MINUS_SMINUS_V"	"(31C)"	"Root"	"minus_sminus_v"	"B7"	"P45Plate1VarioDrop"	"Plate1VarioDropB7"
"23"	"Plate1_b_8"	"Plate1"	"b"	8	"l11"	"Rep1"	"FULL"	"(31C)"	"Shoot"	"full"	"B8"	"P54Plate1VarioDrop"	"Plate1VarioDropB8"
"24"	"Plate1_b_9"	"Plate1"	"b"	9	"44"	"Rep1"	"MINUS_V"	"(31C)"	"Agar_Plant"	"minus_v"	"B9"	"P41Plate1VarioDrop"	"Plate1VarioDropB9"
"25"	"Plate1_c_1"	"Plate1"	"c"	1	"r57"	"Rep1"	"MINUS_SMINUS_V"	"(-P)"	"Root"	"minus_sminus_v"	"C1"	"P58Plate1VarioDrop"	"Plate1VarioDropC1"
"26"	"Plate1_c_10"	"Plate1"	"c"	10	"l66"	"Rep1"	"MINUS_SMINUS_V"	"(pH8.2)"	"Shoot"	"minus_sminus_v"	"C10"	"P59Plate1VarioDrop"	"Plate1VarioDropC10"
"27"	"Plate1_c_11"	"Plate1"	"c"	11	"r58"	"Rep1"	"MINUS_SMINUS_V"	"(+Na)"	"Root"	"minus_sminus_v"	"C11"	"P5Plate1VarioDrop"	"Plate1VarioDropC11"
"28"	"Plate1_c_12"	"Plate1"	"c"	12	"l34"	"Rep1"	"MINUS_S"	"(MS)"	"Shoot"	"minus_s"	"C12"	"P8Plate1VarioDrop"	"Plate1VarioDropC12"
"29"	"Plate1_c_2"	"Plate1"	"c"	2	"i-s"	"Rep1"	"I_MINUS_S"	"inoculum"	"Inoculum"	"i_minus_s"	"C2"	"P28Plate1VarioDrop"	"Plate1VarioDropC2"
"30"	"Plate1_c_3"	"Plate1"	"c"	3	"r41"	"Rep1"	"MINUS_V"	"(+Na)"	"Root"	"minus_v"	"C3"	"P31Plate1VarioDrop"	"Plate1VarioDropC3"
"31"	"Plate1_c_4"	"Plate1"	"c"	4	"l26"	"Rep1"	"MINUS_S"	"(+Na)"	"Shoot"	"minus_s"	"C4"	"P10Plate1VarioDrop"	"Plate1VarioDropC4"
"32"	"Plate1_c_5"	"Plate1"	"c"	5	"43"	"Rep1"	"MINUS_V"	"(+Na)"	"Agar_Plant"	"minus_v"	"C5"	"P50Plate1VarioDrop"	"Plate1VarioDropC5"
"33"	"Plate1_c_6"	"Plate1"	"c"	6	"l49"	"Rep1"	"MINUS_V"	"(pH8.2)"	"Shoot"	"minus_v"	"C6"	"P24Plate1VarioDrop"	"Plate1VarioDropC6"
"34"	"Plate1_c_7"	"Plate1"	"c"	7	"r5"	"Rep1"	"FULL"	"(-P)"	"Root"	"full"	"C7"	"P60Plate1VarioDrop"	"Plate1VarioDropC7"
"35"	"Plate1_c_8"	"Plate1"	"c"	8	"i(d)"	"Rep1"	"I_D"	"inoculum"	"Inoculum"	"i_d"	"C8"	"P87Plate1VarioDrop"	"Plate1VarioDropC8"
"36"	"Plate1_c_9"	"Plate1"	"c"	9	"l13"	"Rep1"	"FULL"	"(pH8.2)"	"Shoot"	"full"	"C9"	"P79Plate1VarioDrop"	"Plate1VarioDropC9"
"37"	"Plate1_d_1"	"Plate1"	"d"	1	"l40"	"Rep1"	"MINUS_V"	"(-P)"	"Shoot"	"minus_v"	"D1"	"P57Plate1VarioDrop"	"Plate1VarioDropD1"
"38"	"Plate1_d_10"	"Plate1"	"d"	10	"53"	"Rep1"	"MINUS_SMINUS_V"	"control"	"Agar_Plant"	"minus_sminus_v"	"D10"	"P34Plate1VarioDrop"	"Plate1VarioDropD10"
"39"	"Plate1_d_11"	"Plate1"	"d"	11	"l46"	"Rep1"	"MINUS_V"	"(31C)"	"Shoot"	"minus_v"	"D11"	"P35Plate1VarioDrop"	"Plate1VarioDropD11"
"40"	"Plate1_d_12"	"Plate1"	"d"	12	"r38"	"Rep1"	"MINUS_V"	"(-P)"	"Root"	"minus_v"	"D12"	"P86Plate1VarioDrop"	"Plate1VarioDropD12"
"41"	"Plate1_d_2"	"Plate1"	"d"	2	"l59"	"Rep1"	"MINUS_SMINUS_V"	"(+Na)"	"Shoot"	"minus_sminus_v"	"D2"	"P92Plate1VarioDrop"	"Plate1VarioDropD2"
"42"	"Plate1_d_3"	"Plate1"	"d"	3	"r21"	"Rep1"	"MINUS_S"	"(-P)"	"Root"	"minus_s"	"D3"	"P40Plate1VarioDrop"	"Plate1VarioDropD3"
"43"	"Plate1_d_4"	"Plate1"	"d"	4	"l57"	"Rep1"	"MINUS_SMINUS_V"	"(-P)"	"Shoot"	"minus_sminus_v"	"D4"	"P39Plate1VarioDrop"	"Plate1VarioDropD4"
"44"	"Plate1_d_5"	"Plate1"	"d"	5	"r75"	"Rep1"	"D+V"	"Contol"	"Root"	"d_plus_v"	"D5"	"P56Plate1VarioDrop"	"Plate1VarioDropD5"
"45"	"Plate1_d_6"	"Plate1"	"d"	6	"l76"	"Rep1"	"D+V"	"Contol"	"Shoot"	"d_plus_v"	"D6"	"P69Plate1VarioDrop"	"Plate1VarioDropD6"
"46"	"Plate1_d_7"	"Plate1"	"d"	7	"r30"	"Rep1"	"MINUS_S"	"(pH8.2)"	"Root"	"minus_s"	"D7"	"P4Plate1VarioDrop"	"Plate1VarioDropD7"
"47"	"Plate1_d_8"	"Plate1"	"d"	8	"l64"	"Rep1"	"MINUS_SMINUS_V"	"(pH8.2)"	"Shoot"	"minus_sminus_v"	"D8"	"P16Plate1VarioDrop"	"Plate1VarioDropD8"
"48"	"Plate1_d_9"	"Plate1"	"d"	9	"r14"	"Rep1"	"FULL"	"(pH8.2)"	"Root"	"full"	"D9"	"P55Plate1VarioDrop"	"Plate1VarioDropD9"
"49"	"Plate1_e_1"	"Plate1"	"e"	1	"l35"	"Rep1"	"MINUS_V"	"control"	"Shoot"	"minus_v"	"E1"	"P22Plate1VarioDrop"	"Plate1VarioDropE1"
"51"	"Plate1_e_11"	"Plate1"	"e"	11	"r7"	"Rep1"	"FULL"	"(+Na)"	"Root"	"full"	"E11"	"P7Plate1VarioDrop"	"Plate1VarioDropE11"
"52"	"Plate1_e_12"	"Plate1"	"e"	12	"r6"	"Rep1"	"FULL"	"(-P)"	"Root"	"full"	"E12"	"P52Plate1VarioDrop"	"Plate1VarioDropE12"
"53"	"Plate1_e_2"	"Plate1"	"e"	2	"46"	"Rep1"	"MINUS_V"	"(31C)"	"Agar_Plant"	"minus_v"	"E2"	"P38Plate1VarioDrop"	"Plate1VarioDropE2"
"54"	"Plate1_e_3"	"Plate1"	"e"	3	"r74"	"Rep1"	"D"	"Contol"	"Root"	"d"	"E3"	"P13Plate1VarioDrop"	"Plate1VarioDropE3"
"55"	"Plate1_e_4"	"Plate1"	"e"	4	"10"	"Rep1"	"FULL"	"(31C)"	"Agar_Plant"	"full"	"E4"	"P1Plate1VarioDrop"	"Plate1VarioDropE4"
"56"	"Plate1_e_5"	"Plate1"	"e"	5	"38"	"Rep1"	"MINUS_V"	"(-P)"	"Agar_Plant"	"minus_v"	"E5"	"P68Plate1VarioDrop"	"Plate1VarioDropE5"
"57"	"Plate1_e_6"	"Plate1"	"e"	6	"l31"	"Rep1"	"MINUS_S"	"(pH8.2)"	"Shoot"	"minus_s"	"E6"	"P66Plate1VarioDrop"	"Plate1VarioDropE6"
"58"	"Plate1_e_7"	"Plate1"	"e"	7	"r2"	"Rep1"	"FULL"	"control"	"Root"	"full"	"E7"	"P83Plate1VarioDrop"	"Plate1VarioDropE7"
"59"	"Plate1_e_8"	"Plate1"	"e"	8	"72"	"Rep1"	"C+V"	"Contol"	"Agar_Plant"	"c_plus_v"	"E8"	"P6Plate1VarioDrop"	"Plate1VarioDropE8"
"60"	"Plate1_e_9"	"Plate1"	"e"	9	"l55"	"Rep1"	"MINUS_SMINUS_V"	"(-P)"	"Shoot"	"minus_sminus_v"	"E9"	"P23Plate1VarioDrop"	"Plate1VarioDropE9"
"61"	"Plate1_f_1"	"Plate1"	"f"	1	"r65"	"Rep1"	"MINUS_SMINUS_V"	"(pH8.2)"	"Root"	"minus_sminus_v"	"F1"	"P80Plate1VarioDrop"	"Plate1VarioDropF1"
"62"	"Plate1_f_10"	"Plate1"	"f"	10	"r73"	"Rep1"	"D"	"Contol"	"Root"	"d"	"F10"	"P47Plate1VarioDrop"	"Plate1VarioDropF10"
"63"	"Plate1_f_11"	"Plate1"	"f"	11	"r20"	"Rep1"	"MINUS_S"	"control"	"Root"	"minus_s"	"F11"	"P21Plate1VarioDrop"	"Plate1VarioDropF11"
"64"	"Plate1_f_12"	"Plate1"	"f"	12	"r29"	"Rep1"	"MINUS_S"	"(31C)"	"Root"	"minus_s"	"F12"	"P70Plate1VarioDrop"	"Plate1VarioDropF12"
"65"	"Plate1_f_2"	"Plate1"	"f"	2	"5"	"Rep1"	"FULL"	"(-P)"	"Agar_Plant"	"full"	"F2"	"P25Plate1VarioDrop"	"Plate1VarioDropF2"
"66"	"Plate1_f_3"	"Plate1"	"f"	3	"l22"	"Rep1"	"MINUS_S"	"(-P)"	"Shoot"	"minus_s"	"F3"	"P67Plate1VarioDrop"	"Plate1VarioDropF3"
"67"	"Plate1_f_4"	"Plate1"	"f"	4	"l36"	"Rep1"	"MINUS_V"	"control"	"Shoot"	"minus_v"	"F4"	"P84Plate1VarioDrop"	"Plate1VarioDropF4"
"68"	"Plate1_f_5"	"Plate1"	"f"	5	"17"	"Rep1"	"FULL"	"(MS)"	"Agar_Plant"	"full"	"F5"	"P77Plate1VarioDrop"	"Plate1VarioDropF5"
"69"	"Plate1_f_6"	"Plate1"	"f"	6	"21"	"Rep1"	"MINUS_S"	"(-P)"	"Agar_Plant"	"minus_s"	"F6"	"P95Plate1VarioDrop"	"Plate1VarioDropF6"
"70"	"Plate1_f_7"	"Plate1"	"f"	7	"27"	"Rep1"	"MINUS_S"	"(31C)"	"Agar_Plant"	"minus_s"	"F7"	"P72Plate1VarioDrop"	"Plate1VarioDropF7"
"71"	"Plate1_f_8"	"Plate1"	"f"	8	"15"	"Rep1"	"FULL"	"(pH8.2)"	"Agar_Plant"	"full"	"F8"	"P94Plate1VarioDrop"	"Plate1VarioDropF8"
"72"	"Plate1_f_9"	"Plate1"	"f"	9	"30"	"Rep1"	"MINUS_S"	"(pH8.2)"	"Agar_Plant"	"minus_s"	"F9"	"P61Plate1VarioDrop"	"Plate1VarioDropF9"
"73"	"Plate1_g_1"	"Plate1"	"g"	1	"l43"	"Rep1"	"MINUS_V"	"(+Na)"	"Shoot"	"minus_v"	"G1"	"P62Plate1VarioDrop"	"Plate1VarioDropG1"
"74"	"Plate1_g_10"	"Plate1"	"g"	10	"l70"	"Rep1"	"C"	"Contol"	"Shoot"	"c"	"G10"	"P46Plate1VarioDrop"	"Plate1VarioDropG10"
"75"	"Plate1_g_11"	"Plate1"	"g"	11	"l69"	"Rep1"	"C"	"Contol"	"Shoot"	"c"	"G11"	"P2Plate1VarioDrop"	"Plate1VarioDropG11"
"76"	"Plate1_g_12"	"Plate1"	"g"	12	"l4"	"Rep1"	"FULL"	"(-P)"	"Shoot"	"full"	"G12"	"P33Plate1VarioDrop"	"Plate1VarioDropG12"
"77"	"Plate1_g_2"	"Plate1"	"g"	2	"11"	"Rep1"	"FULL"	"(31C)"	"Agar_Plant"	"full"	"G2"	"P49Plate1VarioDrop"	"Plate1VarioDropG2"
"78"	"Plate1_g_3"	"Plate1"	"g"	3	"76"	"Rep1"	"D+V"	"Contol"	"Agar_Plant"	"d_plus_v"	"G3"	"P12Plate1VarioDrop"	"Plate1VarioDropG3"
"79"	"Plate1_g_4"	"Plate1"	"g"	4	"l53"	"Rep1"	"MINUS_SMINUS_V"	"control"	"Shoot"	"minus_sminus_v"	"G4"	"P81Plate1VarioDrop"	"Plate1VarioDropG4"
"80"	"Plate1_g_5"	"Plate1"	"g"	5	"l39"	"Rep1"	"MINUS_V"	"(-P)"	"Shoot"	"minus_v"	"G5"	"P15Plate1VarioDrop"	"Plate1VarioDropG5"
"81"	"Plate1_g_6"	"Plate1"	"g"	6	"L12"	"Rep1"	"FULL"	"(31C)"	"Shoot"	"full"	"G6"	"P64Plate1VarioDrop"	"Plate1VarioDropG6"
"82"	"Plate1_g_7"	"Plate1"	"g"	7	"l1"	"Rep1"	"FULL"	"control"	"Shoot"	"full"	"G7"	"P42Plate1VarioDrop"	"Plate1VarioDropG7"
"83"	"Plate1_g_8"	"Plate1"	"g"	8	"r13"	"Rep1"	"FULL"	"(pH8.2)"	"Root"	"full"	"G8"	"P14Plate1VarioDrop"	"Plate1VarioDropG8"
"84"	"Plate1_g_9"	"Plate1"	"g"	9	"22"	"Rep1"	"MINUS_S"	"(-P)"	"Agar_Plant"	"minus_s"	"G9"	"P9Plate1VarioDrop"	"Plate1VarioDropG9"
"85"	"Plate1_h_1"	"Plate1"	"h"	1	"l23"	"Rep1"	"MINUS_S"	"(-P)"	"Shoot"	"minus_s"	"H1"	"P19Plate1VarioDrop"	"Plate1VarioDropH1"
"86"	"Plate1_h_10"	"Plate1"	"h"	10	"l48"	"Rep1"	"MINUS_V"	"(pH8.2)"	"Shoot"	"minus_v"	"H10"	"P63Plate1VarioDrop"	"Plate1VarioDropH10"
"87"	"Plate1_h_11"	"Plate1"	"h"	11	"r31"	"Rep1"	"MINUS_S"	"(pH8.2)"	"Root"	"minus_s"	"H11"	"P75Plate1VarioDrop"	"Plate1VarioDropH11"
"88"	"Plate1_h_12"	"Plate1"	"h"	12	"58"	"Rep1"	"MINUS_SMINUS_V"	"(+Na)"	"Agar_Plant"	"minus_sminus_v"	"H12"	"P78Plate1VarioDrop"	"Plate1VarioDropH12"
"89"	"Plate1_h_2"	"Plate1"	"h"	2	"i(a)"	"Rep1"	"I_A"	"inoculum"	"Inoculum"	"i_a"	"H2"	"P43Plate1VarioDrop"	"Plate1VarioDropH2"
"90"	"Plate1_h_3"	"Plate1"	"h"	3	"r44"	"Rep1"	"MINUS_V"	"(31C)"	"Root"	"minus_v"	"H3"	"P26Plate1VarioDrop"	"Plate1VarioDropH3"
"91"	"Plate1_h_4"	"Plate1"	"h"	4	"l20"	"Rep1"	"MINUS_S"	"control"	"Shoot"	"minus_s"	"H4"	"P91Plate1VarioDrop"	"Plate1VarioDropH4"
"92"	"Plate1_h_5"	"Plate1"	"h"	5	"15"	"Rep1"	"FULL"	"(pH8.2)"	"Agar_Plant"	"full"	"H5"	"P48Plate1VarioDrop"	"Plate1VarioDropH5"
"93"	"Plate1_h_6"	"Plate1"	"h"	6	"r64"	"Rep1"	"MINUS_SMINUS_V"	"(pH8.2)"	"Root"	"minus_sminus_v"	"H6"	"P65Plate1VarioDrop"	"Plate1VarioDropH6"
"94"	"Plate1_h_7"	"Plate1"	"h"	7	"l16"	"Rep1"	"FULL"	"(MS)"	"Shoot"	"full"	"H7"	"P20Plate1VarioDrop"	"Plate1VarioDropH7"
"95"	"Plate1_h_8"	"Plate1"	"h"	8	"34"	"Rep1"	"MINUS_S"	"(MS)"	"Agar_Plant"	"minus_s"	"H8"	"P76Plate1VarioDrop"	"Plate1VarioDropH8"
"96"	"Plate1_h_9"	"Plate1"	"h"	9	"l73"	"Rep1"	"D"	"Contol"	"Shoot"	"d"	"H9"	"P51Plate1VarioDrop"	"Plate1VarioDropH9"
"97"	"Plate2_a_1"	"Plate2"	"a"	1	"l67"	"Rep1"	"MINUS_SMINUS_V"	"(MS)"	"Shoot"	"minus_sminus_v"	"A1"	"P0Plate2VarioDrop"	"Plate2VarioDropA1"
"98"	"Plate2_a_10"	"Plate2"	"a"	10	"20"	"Rep1"	"MINUS_S"	"control"	"Agar_Plant"	"minus_s"	"A10"	"P18Plate2VarioDrop"	"Plate2VarioDropA10"
"99"	"Plate2_a_11"	"Plate2"	"a"	11	"59"	"Rep1"	"MINUS_SMINUS_V"	"(+Na)"	"Agar_Plant"	"minus_sminus_v"	"A11"	"P85Plate2VarioDrop"	"Plate2VarioDropA11"
"100"	"Plate2_a_12"	"Plate2"	"a"	12	"r10"	"Rep1"	"FULL"	"(31C)"	"Root"	"full"	"A12"	"P82Plate2VarioDrop"	"Plate2VarioDropA12"
"101"	"Plate2_a_2"	"Plate2"	"a"	2	"r59"	"Rep1"	"MINUS_SMINUS_V"	"(+Na)"	"Root"	"minus_sminus_v"	"A2"	"P27Plate2VarioDrop"	"Plate2VarioDropA2"
"102"	"Plate2_a_3"	"Plate2"	"a"	3	"l56"	"Rep1"	"MINUS_SMINUS_V"	"(-P)"	"Shoot"	"minus_sminus_v"	"A3"	"P32Plate2VarioDrop"	"Plate2VarioDropA3"
"103"	"Plate2_a_4"	"Plate2"	"a"	4	"62"	"Rep1"	"MINUS_SMINUS_V"	"(31C)"	"Agar_Plant"	"minus_sminus_v"	"A4"	"P3Plate2VarioDrop"	"Plate2VarioDropA4"
"104"	"Plate2_a_5"	"Plate2"	"a"	5	"63"	"Rep1"	"MINUS_SMINUS_V"	"(31C)"	"Agar_Plant"	"minus_sminus_v"	"A5"	"P29Plate2VarioDrop"	"Plate2VarioDropA5"
"105"	"Plate2_a_6"	"Plate2"	"a"	6	"r37"	"Rep1"	"MINUS_V"	"control"	"Root"	"minus_v"	"A6"	"P73Plate2VarioDrop"	"Plate2VarioDropA6"
"106"	"Plate2_a_7"	"Plate2"	"a"	7	"l41"	"Rep1"	"MINUS_V"	"(+Na)"	"Shoot"	"minus_v"	"A7"	"P74Plate2VarioDrop"	"Plate2VarioDropA7"
"107"	"Plate2_a_8"	"Plate2"	"a"	8	"r12"	"Rep1"	"FULL"	"(31C)"	"Root"	"full"	"A8"	"P89Plate2VarioDrop"	"Plate2VarioDropA8"
"108"	"Plate2_a_9"	"Plate2"	"a"	9	"r51"	"Rep1"	"MINUS_V"	"(MS)"	"Root"	"minus_v"	"A9"	"P30Plate2VarioDrop"	"Plate2VarioDropA9"
"109"	"Plate2_b_1"	"Plate2"	"b"	1	"48"	"Rep1"	"MINUS_V"	"(pH8.2)"	"Agar_Plant"	"minus_v"	"B1"	"P53Plate2VarioDrop"	"Plate2VarioDropB1"
"110"	"Plate2_b_10"	"Plate2"	"b"	10	"l71"	"Rep1"	"C+V"	"Contol"	"Shoot"	"c_plus_v"	"B10"	"P88Plate2VarioDrop"	"Plate2VarioDropB10"
"111"	"Plate2_b_11"	"Plate2"	"b"	11	"i(-sv)"	"Rep1"	"I_MINUS_SV"	"inoculum"	"Inoculum"	"i_minus_sv"	"B11"	"P44Plate2VarioDrop"	"Plate2VarioDropB11"
"112"	"Plate2_b_12"	"Plate2"	"b"	12	"r23"	"Rep1"	"MINUS_S"	"(-P)"	"Root"	"minus_s"	"B12"	"P90Plate2VarioDrop"	"Plate2VarioDropB12"
"113"	"Plate2_b_2"	"Plate2"	"b"	2	"l33"	"Rep1"	"MINUS_S"	"(MS)"	"Shoot"	"minus_s"	"B2"	"P11Plate2VarioDrop"	"Plate2VarioDropB2"
"114"	"Plate2_b_3"	"Plate2"	"b"	3	"l38"	"Rep1"	"MINUS_V"	"(-P)"	"Shoot"	"minus_v"	"B3"	"P93Plate2VarioDrop"	"Plate2VarioDropB3"
"115"	"Plate2_b_4"	"Plate2"	"b"	4	"r69"	"Rep1"	"C"	"Contol"	"Root"	"c"	"B4"	"P17Plate2VarioDrop"	"Plate2VarioDropB4"
"116"	"Plate2_b_5"	"Plate2"	"b"	5	"2"	"Rep1"	"FULL"	"control"	"Agar_Plant"	"full"	"B5"	"P37Plate2VarioDrop"	"Plate2VarioDropB5"
"117"	"Plate2_b_6"	"Plate2"	"b"	6	"61"	"Rep1"	"MINUS_SMINUS_V"	"(31C)"	"Agar_Plant"	"minus_sminus_v"	"B6"	"P71Plate2VarioDrop"	"Plate2VarioDropB6"
"118"	"Plate2_b_7"	"Plate2"	"b"	7	"l24"	"Rep1"	"MINUS_S"	"(+Na)"	"Shoot"	"minus_s"	"B7"	"P45Plate2VarioDrop"	"Plate2VarioDropB7"
"119"	"Plate2_b_8"	"Plate2"	"b"	8	"r43"	"Rep1"	"MINUS_V"	"(+Na)"	"Root"	"minus_v"	"B8"	"P54Plate2VarioDrop"	"Plate2VarioDropB8"
"120"	"Plate2_b_9"	"Plate2"	"b"	9	"24"	"Rep1"	"MINUS_S"	"(+Na)"	"Agar_Plant"	"minus_s"	"B9"	"P41Plate2VarioDrop"	"Plate2VarioDropB9"
"121"	"Plate2_c_1"	"Plate2"	"c"	1	"l61"	"Rep1"	"MINUS_SMINUS_V"	"(31C)"	"Shoot"	"minus_sminus_v"	"C1"	"P58Plate2VarioDrop"	"Plate2VarioDropC1"
"122"	"Plate2_c_10"	"Plate2"	"c"	10	"r11"	"Rep1"	"FULL"	"(31C)"	"Root"	"full"	"C10"	"P59Plate2VarioDrop"	"Plate2VarioDropC10"
"123"	"Plate2_c_11"	"Plate2"	"c"	11	"r53"	"Rep1"	"MINUS_SMINUS_V"	"control"	"Root"	"minus_sminus_v"	"C11"	"P5Plate2VarioDrop"	"Plate2VarioDropC11"
"124"	"Plate2_c_12"	"Plate2"	"c"	12	"54"	"Rep1"	"MINUS_SMINUS_V"	"control"	"Agar_Plant"	"minus_sminus_v"	"C12"	"P8Plate2VarioDrop"	"Plate2VarioDropC12"
"125"	"Plate2_c_2"	"Plate2"	"c"	2	"r17"	"Rep1"	"FULL"	"(MS)"	"Root"	"full"	"C2"	"P28Plate2VarioDrop"	"Plate2VarioDropC2"
"126"	"Plate2_c_3"	"Plate2"	"c"	3	"l45"	"Rep1"	"MINUS_V"	"(31C)"	"Shoot"	"minus_v"	"C3"	"P31Plate2VarioDrop"	"Plate2VarioDropC3"
"127"	"Plate2_c_4"	"Plate2"	"c"	4	"r54"	"Rep1"	"MINUS_SMINUS_V"	"control"	"Root"	"minus_sminus_v"	"C4"	"P10Plate2VarioDrop"	"Plate2VarioDropC4"
"128"	"Plate2_c_5"	"Plate2"	"c"	5	"8"	"Rep1"	"FULL"	"(+Na)"	"Agar_Plant"	"full"	"C5"	"P50Plate2VarioDrop"	"Plate2VarioDropC5"
"129"	"Plate2_c_6"	"Plate2"	"c"	6	"r26"	"Rep1"	"MINUS_S"	"(+Na)"	"Root"	"minus_s"	"C6"	"P24Plate2VarioDrop"	"Plate2VarioDropC6"
"130"	"Plate2_c_7"	"Plate2"	"c"	7	"35"	"Rep1"	"MINUS_V"	"control"	"Agar_Plant"	"minus_v"	"C7"	"P60Plate2VarioDrop"	"Plate2VarioDropC7"
"131"	"Plate2_c_8"	"Plate2"	"c"	8	"19"	"Rep1"	"MINUS_S"	"control"	"Agar_Plant"	"minus_s"	"C8"	"P87Plate2VarioDrop"	"Plate2VarioDropC8"
"132"	"Plate2_c_9"	"Plate2"	"c"	9	"I(-v)"	"Rep1"	"I_MINUS_V"	"inoculum"	"Inoculum"	"i_minus_v"	"C9"	"P79Plate2VarioDrop"	"Plate2VarioDropC9"
"133"	"Plate2_d_1"	"Plate2"	"d"	1	"r52"	"Rep1"	"MINUS_SMINUS_V"	"control"	"Root"	"minus_sminus_v"	"D1"	"P57Plate2VarioDrop"	"Plate2VarioDropD1"
"134"	"Plate2_d_10"	"Plate2"	"d"	10	"r66"	"Rep1"	"MINUS_SMINUS_V"	"(pH8.2)"	"Root"	"minus_sminus_v"	"D10"	"P34Plate2VarioDrop"	"Plate2VarioDropD10"
"135"	"Plate2_d_11"	"Plate2"	"d"	11	"40"	"Rep1"	"MINUS_V"	"(-P)"	"Agar_Plant"	"minus_v"	"D11"	"P35Plate2VarioDrop"	"Plate2VarioDropD11"
"136"	"Plate2_d_12"	"Plate2"	"d"	12	"r55"	"Rep1"	"MINUS_SMINUS_V"	"(-P)"	"Root"	"minus_sminus_v"	"D12"	"P86Plate2VarioDrop"	"Plate2VarioDropD12"
"137"	"Plate2_d_2"	"Plate2"	"d"	2	"18"	"Rep1"	"MINUS_S"	"control"	"Agar_Plant"	"minus_s"	"D2"	"P92Plate2VarioDrop"	"Plate2VarioDropD2"
"138"	"Plate2_d_3"	"Plate2"	"d"	3	"l30"	"Rep1"	"MINUS_S"	"(pH8.2)"	"Shoot"	"minus_s"	"D3"	"P40Plate2VarioDrop"	"Plate2VarioDropD3"
"139"	"Plate2_d_4"	"Plate2"	"d"	4	"l7"	"Rep1"	"FULL"	"(+Na)"	"Shoot"	"full"	"D4"	"P39Plate2VarioDrop"	"Plate2VarioDropD4"
"140"	"Plate2_d_5"	"Plate2"	"d"	5	"r1"	"Rep1"	"FULL"	"control"	"Root"	"full"	"D5"	"P56Plate2VarioDrop"	"Plate2VarioDropD5"
"141"	"Plate2_d_6"	"Plate2"	"d"	6	"25"	"Rep1"	"MINUS_S"	"(+Na)"	"Agar_Plant"	"minus_s"	"D6"	"P69Plate2VarioDrop"	"Plate2VarioDropD6"
"142"	"Plate2_d_7"	"Plate2"	"d"	7	"47"	"Rep1"	"MINUS_V"	"(pH8.2)"	"Agar_Plant"	"minus_v"	"D7"	"P4Plate2VarioDrop"	"Plate2VarioDropD7"
"143"	"Plate2_d_8"	"Plate2"	"d"	8	"69"	"Rep1"	"C"	"Contol"	"Agar_Plant"	"c"	"D8"	"P16Plate2VarioDrop"	"Plate2VarioDropD8"
"144"	"Plate2_d_9"	"Plate2"	"d"	9	"l3"	"Rep1"	"FULL"	"control"	"Shoot"	"full"	"D9"	"P55Plate2VarioDrop"	"Plate2VarioDropD9"
"145"	"Plate2_e_1"	"Plate2"	"e"	1	"56"	"Rep1"	"MINUS_SMINUS_V"	"(-P)"	"Agar_Plant"	"minus_sminus_v"	"E1"	"P22Plate2VarioDrop"	"Plate2VarioDropE1"
"146"	"Plate2_e_10"	"Plate2"	"e"	10	"64"	"Rep1"	"MINUS_SMINUS_V"	"(pH8.2)"	"Agar_Plant"	"minus_sminus_v"	"E10"	"P36Plate2VarioDrop"	"Plate2VarioDropE10"
"147"	"Plate2_e_11"	"Plate2"	"e"	11	"r15"	"Rep1"	"FULL"	"(pH8.2)"	"Root"	"full"	"E11"	"P7Plate2VarioDrop"	"Plate2VarioDropE11"
"148"	"Plate2_e_12"	"Plate2"	"e"	12	"l25"	"Rep1"	"MINUS_S"	"(+Na)"	"Shoot"	"minus_s"	"E12"	"P52Plate2VarioDrop"	"Plate2VarioDropE12"
"149"	"Plate2_e_2"	"Plate2"	"e"	2	"39"	"Rep1"	"MINUS_V"	"(-P)"	"Agar_Plant"	"minus_v"	"E2"	"P38Plate2VarioDrop"	"Plate2VarioDropE2"
"150"	"Plate2_e_3"	"Plate2"	"e"	3	"l54"	"Rep1"	"MINUS_SMINUS_V"	"control"	"Shoot"	"minus_sminus_v"	"E3"	"P13Plate2VarioDrop"	"Plate2VarioDropE3"
"151"	"Plate2_e_4"	"Plate2"	"e"	4	"13"	"Rep1"	"FULL"	"(pH8.2)"	"Agar_Plant"	"full"	"E4"	"P1Plate2VarioDrop"	"Plate2VarioDropE4"
"152"	"Plate2_e_5"	"Plate2"	"e"	5	"4"	"Rep1"	"FULL"	"(-P)"	"Agar_Plant"	"full"	"E5"	"P68Plate2VarioDrop"	"Plate2VarioDropE5"
"153"	"Plate2_e_6"	"Plate2"	"e"	6	"l72"	"Rep1"	"C+V"	"Contol"	"Shoot"	"c_plus_v"	"E6"	"P66Plate2VarioDrop"	"Plate2VarioDropE6"
"154"	"Plate2_e_7"	"Plate2"	"e"	7	"r3"	"Rep1"	"FULL"	"control"	"Root"	"full"	"E7"	"P83Plate2VarioDrop"	"Plate2VarioDropE7"
"155"	"Plate2_e_8"	"Plate2"	"e"	8	"l14"	"Rep1"	"FULL"	"(pH8.2)"	"Shoot"	"full"	"E8"	"P6Plate2VarioDrop"	"Plate2VarioDropE8"
"156"	"Plate2_e_9"	"Plate2"	"e"	9	"l50"	"Rep1"	"MINUS_V"	"(MS)"	"Shoot"	"minus_v"	"E9"	"P23Plate2VarioDrop"	"Plate2VarioDropE9"
"157"	"Plate2_f_1"	"Plate2"	"f"	1	"16"	"Rep1"	"FULL"	"(MS)"	"Agar_Plant"	"full"	"F1"	"P80Plate2VarioDrop"	"Plate2VarioDropF1"
"158"	"Plate2_f_10"	"Plate2"	"f"	10	"l37"	"Rep1"	"MINUS_V"	"control"	"Shoot"	"minus_v"	"F10"	"P47Plate2VarioDrop"	"Plate2VarioDropF10"
"159"	"Plate2_f_11"	"Plate2"	"f"	11	"r50"	"Rep1"	"MINUS_V"	"(MS)"	"Root"	"minus_v"	"F11"	"P21Plate2VarioDrop"	"Plate2VarioDropF11"
"160"	"Plate2_f_12"	"Plate2"	"f"	12	"33"	"Rep1"	"MINUS_S"	"(MS)"	"Agar_Plant"	"minus_s"	"F12"	"P70Plate2VarioDrop"	"Plate2VarioDropF12"
"161"	"Plate2_f_2"	"Plate2"	"f"	2	"73"	"Rep1"	"D"	"Contol"	"Agar_Plant"	"d"	"F2"	"P25Plate2VarioDrop"	"Plate2VarioDropF2"
"162"	"Plate2_f_3"	"Plate2"	"f"	3	"i(c )  "	"Rep1"	"I_C"	"inoculum"	"Inoculum"	"i_c"	"F3"	"P67Plate2VarioDrop"	"Plate2VarioDropF3"
"163"	"Plate2_f_4"	"Plate2"	"f"	4	"r22"	"Rep1"	"MINUS_S"	"(-P)"	"Root"	"minus_s"	"F4"	"P84Plate2VarioDrop"	"Plate2VarioDropF4"
"164"	"Plate2_f_5"	"Plate2"	"f"	5	"37"	"Rep1"	"MINUS_V"	"control"	"Agar_Plant"	"minus_v"	"F5"	"P77Plate2VarioDrop"	"Plate2VarioDropF5"
"165"	"Plate2_f_6"	"Plate2"	"f"	6	"49"	"Rep1"	"MINUS_V"	"(pH8.2)"	"Agar_Plant"	"minus_v"	"F6"	"P95Plate2VarioDrop"	"Plate2VarioDropF6"
"166"	"Plate2_f_7"	"Plate2"	"f"	7	"l6"	"Rep1"	"FULL"	"(-P)"	"Shoot"	"full"	"F7"	"P72Plate2VarioDrop"	"Plate2VarioDropF7"
"167"	"Plate2_f_8"	"Plate2"	"f"	8	"57"	"Rep1"	"MINUS_SMINUS_V"	"(-P)"	"Agar_Plant"	"minus_sminus_v"	"F8"	"P94Plate2VarioDrop"	"Plate2VarioDropF8"
"168"	"Plate2_f_9"	"Plate2"	"f"	9	"7"	"Rep1"	"FULL"	"(+Na)"	"Agar_Plant"	"full"	"F9"	"P61Plate2VarioDrop"	"Plate2VarioDropF9"
"169"	"Plate2_g_1"	"Plate2"	"g"	1	"l65"	"Rep1"	"MINUS_SMINUS_V"	"(pH8.2)"	"Shoot"	"minus_sminus_v"	"G1"	"P62Plate2VarioDrop"	"Plate2VarioDropG1"
"170"	"Plate2_g_10"	"Plate2"	"g"	10	"r25"	"Rep1"	"MINUS_S"	"(+Na)"	"Root"	"minus_s"	"G10"	"P46Plate2VarioDrop"	"Plate2VarioDropG10"
"171"	"Plate2_g_11"	"Plate2"	"g"	11	"r47"	"Rep1"	"MINUS_V"	"(pH8.2)"	"Root"	"minus_v"	"G11"	"P2Plate2VarioDrop"	"Plate2VarioDropG11"
"172"	"Plate2_g_12"	"Plate2"	"g"	12	"r46"	"Rep1"	"MINUS_V"	"(31C)"	"Root"	"minus_v"	"G12"	"P33Plate2VarioDrop"	"Plate2VarioDropG12"
"173"	"Plate2_g_2"	"Plate2"	"g"	2	"r19"	"Rep1"	"MINUS_S"	"control"	"Root"	"minus_s"	"G2"	"P49Plate2VarioDrop"	"Plate2VarioDropG2"
"174"	"Plate2_g_3"	"Plate2"	"g"	3	"20"	"Rep1"	"MINUS_S"	"control"	"Agar_Plant"	"minus_s"	"G3"	"P12Plate2VarioDrop"	"Plate2VarioDropG3"
"175"	"Plate2_g_4"	"Plate2"	"g"	4	"l18"	"Rep1"	"MINUS_S"	"control"	"Shoot"	"minus_s"	"G4"	"P81Plate2VarioDrop"	"Plate2VarioDropG4"
"176"	"Plate2_g_5"	"Plate2"	"g"	5	"45"	"Rep1"	"MINUS_V"	"(31C)"	"Agar_Plant"	"minus_v"	"G5"	"P15Plate2VarioDrop"	"Plate2VarioDropG5"
"177"	"Plate2_g_6"	"Plate2"	"g"	6	"66"	"Rep1"	"MINUS_SMINUS_V"	"(pH8.2)"	"Agar_Plant"	"minus_sminus_v"	"G6"	"P64Plate2VarioDrop"	"Plate2VarioDropG6"
"178"	"Plate2_g_7"	"Plate2"	"g"	7	"r9"	"Rep1"	"FULL"	"(+Na)"	"Root"	"full"	"G7"	"P42Plate2VarioDrop"	"Plate2VarioDropG7"
"179"	"Plate2_g_8"	"Plate2"	"g"	8	"75"	"Rep1"	"D+V"	"Contol"	"Agar_Plant"	"d_plus_v"	"G8"	"P14Plate2VarioDrop"	"Plate2VarioDropG8"
"180"	"Plate2_g_9"	"Plate2"	"g"	9	"r72"	"Rep1"	"C+V"	"Contol"	"Root"	"c_plus_v"	"G9"	"P9Plate2VarioDrop"	"Plate2VarioDropG9"
"181"	"Plate2_h_1"	"Plate2"	"h"	1	"l28"	"Rep1"	"MINUS_S"	"(31C)"	"Shoot"	"minus_s"	"H1"	"P19Plate2VarioDrop"	"Plate2VarioDropH1"
"182"	"Plate2_h_10"	"Plate2"	"h"	10	"l58"	"Rep1"	"MINUS_SMINUS_V"	"(+Na)"	"Shoot"	"minus_sminus_v"	"H10"	"P63Plate2VarioDrop"	"Plate2VarioDropH10"
"183"	"Plate2_h_11"	"Plate2"	"h"	11	"r62"	"Rep1"	"MINUS_SMINUS_V"	"(31C)"	"Root"	"minus_sminus_v"	"H11"	"P75Plate2VarioDrop"	"Plate2VarioDropH11"
"185"	"Plate2_h_2"	"Plate2"	"h"	2	"l62"	"Rep1"	"MINUS_SMINUS_V"	"(31C)"	"Shoot"	"minus_sminus_v"	"H2"	"P43Plate2VarioDrop"	"Plate2VarioDropH2"
"186"	"Plate2_h_3"	"Plate2"	"h"	3	"l63"	"Rep1"	"MINUS_SMINUS_V"	"(31C)"	"Shoot"	"minus_sminus_v"	"H3"	"P26Plate2VarioDrop"	"Plate2VarioDropH3"
"187"	"Plate2_h_4"	"Plate2"	"h"	4	"r70"	"Rep1"	"C"	"Contol"	"Root"	"c"	"H4"	"P91Plate2VarioDrop"	"Plate2VarioDropH4"
"188"	"Plate2_h_5"	"Plate2"	"h"	5	"r68"	"Rep1"	"MINUS_SMINUS_V"	"(MS)"	"Root"	"minus_sminus_v"	"H5"	"P48Plate2VarioDrop"	"Plate2VarioDropH5"
"189"	"Plate2_h_6"	"Plate2"	"h"	6	"l15"	"Rep1"	"FULL"	"(pH8.2)"	"Shoot"	"full"	"H6"	"P65Plate2VarioDrop"	"Plate2VarioDropH6"
"190"	"Plate2_h_7"	"Plate2"	"h"	7	"r33"	"Rep1"	"MINUS_S"	"(MS)"	"Root"	"minus_s"	"H7"	"P20Plate2VarioDrop"	"Plate2VarioDropH7"
"191"	"Plate2_h_8"	"Plate2"	"h"	8	"71"	"Rep1"	"C+V"	"Contol"	"Agar_Plant"	"c_plus_v"	"H8"	"P76Plate2VarioDrop"	"Plate2VarioDropH8"
"192"	"Plate2_h_9"	"Plate2"	"h"	9	"l21"	"Rep1"	"MINUS_S"	"(-P)"	"Shoot"	"minus_s"	"H9"	"P51Plate2VarioDrop"	"Plate2VarioDropH9"
"193"	"Plate3_a_1"	"Plate3"	"a"	1	"r2"	"Rep2"	"FULL"	"control"	"Root"	"full"	"A1"	"P0Plate3VarioDrop"	"Plate3VarioDropA1"
"194"	"Plate3_a_10"	"Plate3"	"a"	10	"r23"	"Rep2"	"MINUS_S"	"(-P)"	"Root"	"minus_s"	"A10"	"P18Plate3VarioDrop"	"Plate3VarioDropA10"
"195"	"Plate3_a_11"	"Plate3"	"a"	11	"r67"	"Rep2"	"MINUS_SMINUS_V"	"(pH8.2)"	"Root"	"minus_sminus_v"	"A11"	"P85Plate3VarioDrop"	"Plate3VarioDropA11"
"196"	"Plate3_a_12"	"Plate3"	"a"	12	"r28"	"Rep2"	"MINUS_S"	"(31C)"	"Root"	"minus_s"	"A12"	"P82Plate3VarioDrop"	"Plate3VarioDropA12"
"197"	"Plate3_a_2"	"Plate3"	"a"	2	"61"	"Rep2"	"MINUS_SMINUS_V"	"(31C)"	"Agar_Plant"	"minus_sminus_v"	"A2"	"P27Plate3VarioDrop"	"Plate3VarioDropA2"
"198"	"Plate3_a_3"	"Plate3"	"a"	3	"l80"	"Rep2"	"D+V"	"Contol"	"Shoot"	"d_plus_v"	"A3"	"P32Plate3VarioDrop"	"Plate3VarioDropA3"
"199"	"Plate3_a_4"	"Plate3"	"a"	4	"l76"	"Rep2"	"C+V"	"Contol"	"Shoot"	"c_plus_v"	"A4"	"P3Plate3VarioDrop"	"Plate3VarioDropA4"
"200"	"Plate3_a_5"	"Plate3"	"a"	5	"r32"	"Rep2"	"MINUS_S"	"(pH8.2)"	"Root"	"minus_s"	"A5"	"P29Plate3VarioDrop"	"Plate3VarioDropA5"
"201"	"Plate3_a_6"	"Plate3"	"a"	6	"r40"	"Rep2"	"MINUS_V"	"(-P)"	"Root"	"minus_v"	"A6"	"P73Plate3VarioDrop"	"Plate3VarioDropA6"
"202"	"Plate3_a_7"	"Plate3"	"a"	7	"r39"	"Rep2"	"MINUS_V"	"control"	"Root"	"minus_v"	"A7"	"P74Plate3VarioDrop"	"Plate3VarioDropA7"
"203"	"Plate3_a_8"	"Plate3"	"a"	8	"r64"	"Rep2"	"MINUS_SMINUS_V"	"(31C)"	"Root"	"minus_sminus_v"	"A8"	"P89Plate3VarioDrop"	"Plate3VarioDropA8"
"204"	"Plate3_a_9"	"Plate3"	"a"	9	"l79"	"Rep2"	"D+V"	"Contol"	"Shoot"	"d_plus_v"	"A9"	"P30Plate3VarioDrop"	"Plate3VarioDropA9"
"205"	"Plate3_b_1"	"Plate3"	"b"	1	"11"	"Rep2"	"FULL"	"(31C)"	"Agar_Plant"	"full"	"B1"	"P53Plate3VarioDrop"	"Plate3VarioDropB1"
"206"	"Plate3_b_10"	"Plate3"	"b"	10	"r26"	"Rep2"	"MINUS_S"	"(+Na)"	"Root"	"minus_s"	"B10"	"P88Plate3VarioDrop"	"Plate3VarioDropB10"
"207"	"Plate3_b_11"	"Plate3"	"b"	11	"l4"	"Rep2"	"FULL"	"(-P)"	"Shoot"	"full"	"B11"	"P44Plate3VarioDrop"	"Plate3VarioDropB11"
"208"	"Plate3_b_12"	"Plate3"	"b"	12	"l15"	"Rep2"	"FULL"	"(pH8.2)"	"Shoot"	"full"	"B12"	"P90Plate3VarioDrop"	"Plate3VarioDropB12"
"209"	"Plate3_b_2"	"Plate3"	"b"	2	"r60"	"Rep2"	"MINUS_SMINUS_V"	"(-P)"	"Root"	"minus_sminus_v"	"B2"	"P11Plate3VarioDrop"	"Plate3VarioDropB2"
"210"	"Plate3_b_3"	"Plate3"	"b"	3	"52"	"Rep2"	"MINUS_V"	"control"	"Agar_Plant"	"minus_v"	"B3"	"P93Plate3VarioDrop"	"Plate3VarioDropB3"
"211"	"Plate3_b_4"	"Plate3"	"b"	4	"8"	"Rep2"	"FULL"	"(+Na)"	"Agar_Plant"	"full"	"B4"	"P17Plate3VarioDrop"	"Plate3VarioDropB4"
"212"	"Plate3_b_5"	"Plate3"	"b"	5	"l51"	"Rep2"	"MINUS_V"	"(pH8.2)"	"Shoot"	"minus_v"	"B5"	"P37Plate3VarioDrop"	"Plate3VarioDropB5"
"213"	"Plate3_b_6"	"Plate3"	"b"	6	"l6"	"Rep2"	"FULL"	"(-P)"	"Shoot"	"full"	"B6"	"P71Plate3VarioDrop"	"Plate3VarioDropB6"
"214"	"Plate3_b_7"	"Plate3"	"b"	7	"r27"	"Rep2"	"MINUS_S"	"(+Na)"	"Root"	"minus_s"	"B7"	"P45Plate3VarioDrop"	"Plate3VarioDropB7"
"215"	"Plate3_b_8"	"Plate3"	"b"	8	"54"	"Rep2"	"MINUS_V"	"control"	"Agar_Plant"	"minus_v"	"B8"	"P54Plate3VarioDrop"	"Plate3VarioDropB8"
"216"	"Plate3_b_9"	"Plate3"	"b"	9	"l65"	"Rep2"	"MINUS_SMINUS_V"	"(31C)"	"Shoot"	"minus_sminus_v"	"B9"	"P41Plate3VarioDrop"	"Plate3VarioDropB9"
"217"	"Plate3_c_1"	"Plate3"	"c"	1	"15"	"Rep2"	"FULL"	"(pH8.2)"	"Agar_Plant"	"full"	"C1"	"P58Plate3VarioDrop"	"Plate3VarioDropC1"
"218"	"Plate3_c_10"	"Plate3"	"c"	10	"l31"	"Rep2"	"MINUS_S"	"(pH8.2)"	"Shoot"	"minus_s"	"C10"	"P59Plate3VarioDrop"	"Plate3VarioDropC10"
"219"	"Plate3_c_11"	"Plate3"	"c"	11	"r78"	"Rep2"	"D"	"Contol"	"Root"	"d"	"C11"	"P5Plate3VarioDrop"	"Plate3VarioDropC11"
"220"	"Plate3_c_12"	"Plate3"	"c"	12	"l40"	"Rep2"	"MINUS_V"	"(-P)"	"Shoot"	"minus_v"	"C12"	"P8Plate3VarioDrop"	"Plate3VarioDropC12"
"221"	"Plate3_c_2"	"Plate3"	"c"	2	"r13"	"Rep2"	"FULL"	"(pH8.2)"	"Root"	"full"	"C2"	"P28Plate3VarioDrop"	"Plate3VarioDropC2"
"222"	"Plate3_c_3"	"Plate3"	"c"	3	"l27"	"Rep2"	"MINUS_S"	"(+Na)"	"Shoot"	"minus_s"	"C3"	"P31Plate3VarioDrop"	"Plate3VarioDropC3"
"223"	"Plate3_c_4"	"Plate3"	"c"	4	"r56"	"Rep2"	"MINUS_SMINUS_V"	"control"	"Root"	"minus_sminus_v"	"C4"	"P10Plate3VarioDrop"	"Plate3VarioDropC4"
"224"	"Plate3_c_5"	"Plate3"	"c"	5	"r33"	"Rep2"	"MINUS_S"	"(pH8.2)"	"Root"	"minus_s"	"C5"	"P50Plate3VarioDrop"	"Plate3VarioDropC5"
"225"	"Plate3_c_6"	"Plate3"	"c"	6	"l9"	"Rep2"	"FULL"	"(+Na)"	"Shoot"	"full"	"C6"	"P24Plate3VarioDrop"	"Plate3VarioDropC6"
"226"	"Plate3_c_7"	"Plate3"	"c"	7	"l54"	"Rep2"	"MINUS_V"	"(MS)"	"Shoot"	"minus_v"	"C7"	"P60Plate3VarioDrop"	"Plate3VarioDropC7"
"227"	"Plate3_c_8"	"Plate3"	"c"	8	"19"	"Rep2"	"MINUS_S"	"control"	"Agar_Plant"	"minus_s"	"C8"	"P87Plate3VarioDrop"	"Plate3VarioDropC8"
"228"	"Plate3_c_9"	"Plate3"	"c"	9	"30"	"Rep2"	"MINUS_S"	"(pH8.2)"	"Agar_Plant"	"minus_s"	"C9"	"P79Plate3VarioDrop"	"Plate3VarioDropC9"
"229"	"Plate3_d_1"	"Plate3"	"d"	1	"l39"	"Rep2"	"MINUS_V"	"control"	"Shoot"	"minus_v"	"D1"	"P57Plate3VarioDrop"	"Plate3VarioDropD1"
"230"	"Plate3_d_10"	"Plate3"	"d"	10	"r57"	"Rep2"	"MINUS_SMINUS_V"	"control"	"Root"	"minus_sminus_v"	"D10"	"P34Plate3VarioDrop"	"Plate3VarioDropD10"
"231"	"Plate3_d_11"	"Plate3"	"d"	11	"54"	"Rep2"	"MINUS_V"	"control"	"Agar_Plant"	"minus_v"	"D11"	"P35Plate3VarioDrop"	"Plate3VarioDropD11"
"232"	"Plate3_d_12"	"Plate3"	"d"	12	"24"	"Rep2"	"MINUS_S"	"(+Na)"	"Agar_Plant"	"minus_s"	"D12"	"P86Plate3VarioDrop"	"Plate3VarioDropD12"
"233"	"Plate3_d_2"	"Plate3"	"d"	2	"65"	"Rep2"	"MINUS_SMINUS_V"	"(pH8.2)"	"Agar_Plant"	"minus_sminus_v"	"D2"	"P92Plate3VarioDrop"	"Plate3VarioDropD2"
"234"	"Plate3_d_3"	"Plate3"	"d"	3	"l28"	"Rep2"	"MINUS_S"	"(31C)"	"Shoot"	"minus_s"	"D3"	"P40Plate3VarioDrop"	"Plate3VarioDropD3"
"235"	"Plate3_d_4"	"Plate3"	"d"	4	"60"	"Rep2"	"MINUS_SMINUS_V"	"(+Na)"	"Agar_Plant"	"minus_sminus_v"	"D4"	"P39Plate3VarioDrop"	"Plate3VarioDropD4"
"236"	"Plate3_d_5"	"Plate3"	"d"	5	"l67"	"Rep2"	"MINUS_SMINUS_V"	"(pH8.2)"	"Shoot"	"minus_sminus_v"	"D5"	"P56Plate3VarioDrop"	"Plate3VarioDropD5"
"237"	"Plate3_d_6"	"Plate3"	"d"	6	"r61"	"Rep2"	"MINUS_SMINUS_V"	"(+Na)"	"Root"	"minus_sminus_v"	"D6"	"P69Plate3VarioDrop"	"Plate3VarioDropD6"
"238"	"Plate3_d_7"	"Plate3"	"d"	7	"l46"	"Rep2"	"MINUS_V"	"(31C)"	"Shoot"	"minus_v"	"D7"	"P4Plate3VarioDrop"	"Plate3VarioDropD7"
"239"	"Plate3_d_8"	"Plate3"	"d"	8	"l32"	"Rep2"	"MINUS_S"	"(pH8.2)"	"Shoot"	"minus_s"	"D8"	"P16Plate3VarioDrop"	"Plate3VarioDropD8"
"240"	"Plate3_d_9"	"Plate3"	"d"	9	"l7"	"Rep2"	"FULL"	"(+Na)"	"Shoot"	"full"	"D9"	"P55Plate3VarioDrop"	"Plate3VarioDropD9"
"241"	"Plate3_e_1"	"Plate3"	"e"	1	"20"	"Rep2"	"MINUS_S"	"control"	"Agar_Plant"	"minus_s"	"E1"	"P22Plate3VarioDrop"	"Plate3VarioDropE1"
"242"	"Plate3_e_10"	"Plate3"	"e"	10	"25"	"Rep2"	"MINUS_S"	"(+Na)"	"Agar_Plant"	"minus_s"	"E10"	"P36Plate3VarioDrop"	"Plate3VarioDropE10"
"243"	"Plate3_e_11"	"Plate3"	"e"	11	"64"	"Rep2"	"MINUS_SMINUS_V"	"(pH8.2)"	"Agar_Plant"	"minus_sminus_v"	"E11"	"P7Plate3VarioDrop"	"Plate3VarioDropE11"
"244"	"Plate3_e_12"	"Plate3"	"e"	12	"79"	"Rep2"	"D+V"	"Contol"	"Agar_Plant"	"d_plus_v"	"E12"	"P52Plate3VarioDrop"	"Plate3VarioDropE12"
"245"	"Plate3_e_2"	"Plate3"	"e"	2	"r8"	"Rep2"	"FULL"	"(+Na)"	"Root"	"full"	"E2"	"P38Plate3VarioDrop"	"Plate3VarioDropE2"
"246"	"Plate3_e_3"	"Plate3"	"e"	3	"l47"	"Rep2"	"MINUS_V"	"(31C)"	"Shoot"	"minus_v"	"E3"	"P13Plate3VarioDrop"	"Plate3VarioDropE3"
"247"	"Plate3_e_4"	"Plate3"	"e"	4	"46"	"Rep2"	"MINUS_V"	"(31C)"	"Agar_Plant"	"minus_v"	"E4"	"P1Plate3VarioDrop"	"Plate3VarioDropE4"
"248"	"Plate3_e_5"	"Plate3"	"e"	5	"r38"	"Rep2"	"MINUS_V"	"control"	"Root"	"minus_v"	"E5"	"P68Plate3VarioDrop"	"Plate3VarioDropE5"
"249"	"Plate3_e_6"	"Plate3"	"e"	6	"r69"	"Rep2"	"MINUS_SMINUS_V"	"(pH8.2)"	"Root"	"minus_sminus_v"	"E6"	"P66Plate3VarioDrop"	"Plate3VarioDropE6"
"250"	"Plate3_e_7"	"Plate3"	"e"	7	"l69"	"Rep2"	"MINUS_SMINUS_V"	"(pH8.2)"	"Shoot"	"minus_sminus_v"	"E7"	"P83Plate3VarioDrop"	"Plate3VarioDropE7"
"251"	"Plate3_e_8"	"Plate3"	"e"	8	"r70"	"Rep2"	"MINUS_SMINUS_V"	"(MS)"	"Root"	"minus_sminus_v"	"E8"	"P6Plate3VarioDrop"	"Plate3VarioDropE8"
"252"	"Plate3_e_9"	"Plate3"	"e"	9	"l16"	"Rep2"	"FULL"	"(MS)"	"Shoot"	"full"	"E9"	"P23Plate3VarioDrop"	"Plate3VarioDropE9"
"253"	"Plate3_f_1"	"Plate3"	"f"	1	"l18"	"Rep2"	"FULL"	"(MS)"	"Shoot"	"full"	"F1"	"P80Plate3VarioDrop"	"Plate3VarioDropF1"
"254"	"Plate3_f_10"	"Plate3"	"f"	10	"l58"	"Rep2"	"MINUS_SMINUS_V"	"(-P)"	"Shoot"	"minus_sminus_v"	"F10"	"P47Plate3VarioDrop"	"Plate3VarioDropF10"
"255"	"Plate3_f_11"	"Plate3"	"f"	11	"r80"	"Rep2"	"D+V"	"Contol"	"Root"	"d_plus_v"	"F11"	"P21Plate3VarioDrop"	"Plate3VarioDropF11"
"256"	"Plate3_f_12"	"Plate3"	"f"	12	"65"	"Rep2"	"MINUS_SMINUS_V"	"(pH8.2)"	"Agar_Plant"	"minus_sminus_v"	"F12"	"P70Plate3VarioDrop"	"Plate3VarioDropF12"
"257"	"Plate3_f_2"	"Plate3"	"f"	2	"73"	"Rep2"	"C"	"Contol"	"Agar_Plant"	"c"	"F2"	"P25Plate3VarioDrop"	"Plate3VarioDropF2"
"258"	"Plate3_f_3"	"Plate3"	"f"	3	"55"	"Rep2"	"MINUS_SMINUS_V"	"(-P)"	"Agar_Plant"	"minus_sminus_v"	"F3"	"P67Plate3VarioDrop"	"Plate3VarioDropF3"
"259"	"Plate3_f_4"	"Plate3"	"f"	4	"3"	"Rep2"	"FULL"	"control"	"Agar_Plant"	"full"	"F4"	"P84Plate3VarioDrop"	"Plate3VarioDropF4"
"260"	"Plate3_f_5"	"Plate3"	"f"	5	"r16"	"Rep2"	"FULL"	"(MS)"	"Root"	"full"	"F5"	"P77Plate3VarioDrop"	"Plate3VarioDropF5"
"261"	"Plate3_f_6"	"Plate3"	"f"	6	"l23"	"Rep2"	"MINUS_S"	"(-P)"	"Shoot"	"minus_s"	"F6"	"P95Plate3VarioDrop"	"Plate3VarioDropF6"
"262"	"Plate3_f_7"	"Plate3"	"f"	7	"r52"	"Rep2"	"MINUS_V"	"(MS)"	"Root"	"minus_v"	"F7"	"P72Plate3VarioDrop"	"Plate3VarioDropF7"
"263"	"Plate3_f_8"	"Plate3"	"f"	8	"r44"	"Rep2"	"MINUS_V"	"(+Na)"	"Root"	"minus_v"	"F8"	"P94Plate3VarioDrop"	"Plate3VarioDropF8"
"264"	"Plate3_f_9"	"Plate3"	"f"	9	"r14"	"Rep2"	"FULL"	"(pH8.2)"	"Root"	"full"	"F9"	"P61Plate3VarioDrop"	"Plate3VarioDropF9"
"265"	"Plate3_g_1"	"Plate3"	"g"	1	"14"	"Rep2"	"FULL"	"(pH8.2)"	"Agar_Plant"	"full"	"G1"	"P62Plate3VarioDrop"	"Plate3VarioDropG1"
"266"	"Plate3_g_10"	"Plate3"	"g"	10	"r34"	"Rep2"	"MINUS_S"	"(MS)"	"Root"	"minus_s"	"G10"	"P46Plate3VarioDrop"	"Plate3VarioDropG10"
"267"	"Plate3_g_11"	"Plate3"	"g"	11	"18"	"Rep2"	"FULL"	"control"	"Agar_Plant"	"full"	"G11"	"P2Plate3VarioDrop"	"Plate3VarioDropG11"
"268"	"Plate3_g_12"	"Plate3"	"g"	12	"57"	"Rep2"	"MINUS_SMINUS_V"	"(-P)"	"Agar_Plant"	"minus_sminus_v"	"G12"	"P33Plate3VarioDrop"	"Plate3VarioDropG12"
"269"	"Plate3_g_2"	"Plate3"	"g"	2	"l17"	"Rep2"	"FULL"	"(MS)"	"Shoot"	"full"	"G2"	"P49Plate3VarioDrop"	"Plate3VarioDropG2"
"270"	"Plate3_g_3"	"Plate3"	"g"	3	"r54"	"Rep2"	"MINUS_V"	"(MS)"	"Root"	"minus_v"	"G3"	"P12Plate3VarioDrop"	"Plate3VarioDropG3"
"271"	"Plate3_g_4"	"Plate3"	"g"	4	"4"	"Rep2"	"FULL"	"(-P)"	"Agar_Plant"	"full"	"G4"	"P81Plate3VarioDrop"	"Plate3VarioDropG4"
"272"	"Plate3_g_5"	"Plate3"	"g"	5	"r24"	"Rep2"	"MINUS_S"	"(-P)"	"Root"	"minus_s"	"G5"	"P15Plate3VarioDrop"	"Plate3VarioDropG5"
"273"	"Plate3_g_6"	"Plate3"	"g"	6	"r46"	"Rep2"	"MINUS_V"	"(31C)"	"Root"	"minus_v"	"G6"	"P64Plate3VarioDrop"	"Plate3VarioDropG6"
"274"	"Plate3_g_7"	"Plate3"	"g"	7	"l21"	"Rep2"	"MINUS_S"	"control"	"Shoot"	"minus_s"	"G7"	"P42Plate3VarioDrop"	"Plate3VarioDropG7"
"275"	"Plate3_g_8"	"Plate3"	"g"	8	"49"	"Rep2"	"MINUS_V"	"(pH8.2)"	"Agar_Plant"	"minus_v"	"G8"	"P14Plate3VarioDrop"	"Plate3VarioDropG8"
"276"	"Plate3_g_9"	"Plate3"	"g"	9	"40"	"Rep2"	"MINUS_V"	"(-P)"	"Agar_Plant"	"minus_v"	"G9"	"P9Plate3VarioDrop"	"Plate3VarioDropG9"
"277"	"Plate3_h_1"	"Plate3"	"h"	1	"5"	"Rep2"	"FULL"	"(-P)"	"Agar_Plant"	"full"	"H1"	"P19Plate3VarioDrop"	"Plate3VarioDropH1"
"278"	"Plate3_h_10"	"Plate3"	"h"	10	"9"	"Rep2"	"FULL"	"(+Na)"	"Agar_Plant"	"full"	"H10"	"P63Plate3VarioDrop"	"Plate3VarioDropH10"
"279"	"Plate3_h_11"	"Plate3"	"h"	11	"r68"	"Rep2"	"MINUS_SMINUS_V"	"(pH8.2)"	"Root"	"minus_sminus_v"	"H11"	"P75Plate3VarioDrop"	"Plate3VarioDropH11"
"281"	"Plate3_h_2"	"Plate3"	"h"	2	"r15"	"Rep2"	"FULL"	"(pH8.2)"	"Root"	"full"	"H2"	"P43Plate3VarioDrop"	"Plate3VarioDropH2"
"282"	"Plate3_h_3"	"Plate3"	"h"	3	"29"	"Rep2"	"MINUS_S"	"(31C)"	"Agar_Plant"	"minus_s"	"H3"	"P26Plate3VarioDrop"	"Plate3VarioDropH3"
"283"	"Plate3_h_4"	"Plate3"	"h"	4	"l44"	"Rep2"	"MINUS_V"	"(+Na)"	"Shoot"	"minus_v"	"H4"	"P91Plate3VarioDrop"	"Plate3VarioDropH4"
"284"	"Plate3_h_5"	"Plate3"	"h"	5	"27"	"Rep2"	"MINUS_S"	"(31C)"	"Agar_Plant"	"minus_s"	"H5"	"P48Plate3VarioDrop"	"Plate3VarioDropH5"
"285"	"Plate3_h_6"	"Plate3"	"h"	6	"l13"	"Rep2"	"FULL"	"(pH8.2)"	"Shoot"	"full"	"H6"	"P65Plate3VarioDrop"	"Plate3VarioDropH6"
"286"	"Plate3_h_7"	"Plate3"	"h"	7	"r49"	"Rep2"	"MINUS_V"	"(pH8.2)"	"Root"	"minus_v"	"H7"	"P20Plate3VarioDrop"	"Plate3VarioDropH7"
"287"	"Plate3_h_8"	"Plate3"	"h"	8	"75"	"Rep2"	"C+V"	"Contol"	"Agar_Plant"	"c_plus_v"	"H8"	"P76Plate3VarioDrop"	"Plate3VarioDropH8"
"288"	"Plate3_h_9"	"Plate3"	"h"	9	"63"	"Rep2"	"MINUS_SMINUS_V"	"(31C)"	"Agar_Plant"	"minus_sminus_v"	"H9"	"P51Plate3VarioDrop"	"Plate3VarioDropH9"
"289"	"Plate4_a_1"	"Plate4"	"a"	1	"l61"	"Rep2"	"MINUS_SMINUS_V"	"(+Na)"	"Shoot"	"minus_sminus_v"	"A1"	"P0Plate4VarioDrop"	"Plate4VarioDropA1"
"290"	"Plate4_a_10"	"Plate4"	"a"	10	"38"	"Rep2"	"MINUS_V"	"(-P)"	"Agar_Plant"	"minus_v"	"A10"	"P18Plate4VarioDrop"	"Plate4VarioDropA10"
"291"	"Plate4_a_11"	"Plate4"	"a"	11	"r19"	"Rep2"	"MINUS_S"	"control"	"Root"	"minus_s"	"A11"	"P85Plate4VarioDrop"	"Plate4VarioDropA11"
"292"	"Plate4_a_12"	"Plate4"	"a"	12	"r55"	"Rep2"	"MINUS_SMINUS_V"	"control"	"Root"	"minus_sminus_v"	"A12"	"P82Plate4VarioDrop"	"Plate4VarioDropA12"
"293"	"Plate4_a_2"	"Plate4"	"a"	2	"77"	"Rep2"	"D"	"Contol"	"Agar_Plant"	"d"	"A2"	"P27Plate4VarioDrop"	"Plate4VarioDropA2"
"294"	"Plate4_a_3"	"Plate4"	"a"	3	"l74"	"Rep2"	"C"	"Contol"	"Shoot"	"c"	"A3"	"P32Plate4VarioDrop"	"Plate4VarioDropA3"
"295"	"Plate4_a_4"	"Plate4"	"a"	4	"l22"	"Rep2"	"MINUS_S"	"(-P)"	"Shoot"	"minus_s"	"A4"	"P3Plate4VarioDrop"	"Plate4VarioDropA4"
"296"	"Plate4_a_5"	"Plate4"	"a"	5	"l34"	"Rep2"	"MINUS_S"	"(MS)"	"Shoot"	"minus_s"	"A5"	"P29Plate4VarioDrop"	"Plate4VarioDropA5"
"297"	"Plate4_a_6"	"Plate4"	"a"	6	"r7"	"Rep2"	"FULL"	"(+Na)"	"Root"	"full"	"A6"	"P73Plate4VarioDrop"	"Plate4VarioDropA6"
"298"	"Plate4_a_7"	"Plate4"	"a"	7	"r76"	"Rep2"	"C+V"	"Contol"	"Root"	"c_plus_v"	"A7"	"P74Plate4VarioDrop"	"Plate4VarioDropA7"
"299"	"Plate4_a_8"	"Plate4"	"a"	8	"50"	"Rep2"	"MINUS_V"	"(MS)"	"Agar_Plant"	"minus_v"	"A8"	"P89Plate4VarioDrop"	"Plate4VarioDropA8"
"300"	"Plate4_a_9"	"Plate4"	"a"	9	"l1"	"Rep2"	"FULL"	"control"	"Shoot"	"full"	"A9"	"P30Plate4VarioDrop"	"Plate4VarioDropA9"
"301"	"Plate4_b_1"	"Plate4"	"b"	1	"l11"	"Rep2"	"FULL"	"(31C)"	"Shoot"	"full"	"B1"	"P53Plate4VarioDrop"	"Plate4VarioDropB1"
"302"	"Plate4_b_10"	"Plate4"	"b"	10	"l6"	"Rep2"	"FULL"	"(-P)"	"Shoot"	"full"	"B10"	"P88Plate4VarioDrop"	"Plate4VarioDropB10"
"303"	"Plate4_b_11"	"Plate4"	"b"	11	"68"	"Rep2"	"MINUS_SMINUS_V"	"(MS)"	"Agar_Plant"	"minus_sminus_v"	"B11"	"P44Plate4VarioDrop"	"Plate4VarioDropB11"
"304"	"Plate4_b_12"	"Plate4"	"b"	12	"r41"	"Rep2"	"MINUS_V"	"(-P)"	"Root"	"minus_v"	"B12"	"P90Plate4VarioDrop"	"Plate4VarioDropB12"
"305"	"Plate4_b_2"	"Plate4"	"b"	2	"l30"	"Rep2"	"MINUS_S"	"(31C)"	"Shoot"	"minus_s"	"B2"	"P11Plate4VarioDrop"	"Plate4VarioDropB2"
"306"	"Plate4_b_3"	"Plate4"	"b"	3	"l36"	"Rep2"	"MINUS_S"	"(MS)"	"Shoot"	"minus_s"	"B3"	"P93Plate4VarioDrop"	"Plate4VarioDropB3"
"307"	"Plate4_b_4"	"Plate4"	"b"	4	"r29"	"Rep2"	"MINUS_S"	"(31C)"	"Root"	"minus_s"	"B4"	"P17Plate4VarioDrop"	"Plate4VarioDropB4"
"308"	"Plate4_b_5"	"Plate4"	"b"	5	"r71"	"Rep2"	"MINUS_SMINUS_V"	"(MS)"	"Root"	"minus_sminus_v"	"B5"	"P37Plate4VarioDrop"	"Plate4VarioDropB5"
"309"	"Plate4_b_6"	"Plate4"	"b"	6	"r5"	"Rep2"	"FULL"	"(-P)"	"Root"	"full"	"B6"	"P71Plate4VarioDrop"	"Plate4VarioDropB6"
"310"	"Plate4_b_7"	"Plate4"	"b"	7	"51"	"Rep2"	"MINUS_V"	"(MS)"	"Agar_Plant"	"minus_v"	"B7"	"P45Plate4VarioDrop"	"Plate4VarioDropB7"
"311"	"Plate4_b_8"	"Plate4"	"b"	8	"l63"	"Rep2"	"MINUS_SMINUS_V"	"(+Na)"	"Shoot"	"minus_sminus_v"	"B8"	"P54Plate4VarioDrop"	"Plate4VarioDropB8"
"312"	"Plate4_b_9"	"Plate4"	"b"	9	"r51"	"Rep2"	"MINUS_V"	"(pH8.2)"	"Root"	"minus_v"	"B9"	"P41Plate4VarioDrop"	"Plate4VarioDropB9"
"313"	"Plate4_c_1"	"Plate4"	"c"	1	"58"	"Rep2"	"MINUS_SMINUS_V"	"(+Na)"	"Agar_Plant"	"minus_sminus_v"	"C1"	"P58Plate4VarioDrop"	"Plate4VarioDropC1"
"314"	"Plate4_c_10"	"Plate4"	"c"	10	"r45"	"Rep2"	"MINUS_V"	"(+Na)"	"Root"	"minus_v"	"C10"	"P59Plate4VarioDrop"	"Plate4VarioDropC10"
"315"	"Plate4_c_11"	"Plate4"	"c"	11	"l75"	"Rep2"	"C+V"	"Contol"	"Shoot"	"c_plus_v"	"C11"	"P5Plate4VarioDrop"	"Plate4VarioDropC11"
"316"	"Plate4_c_12"	"Plate4"	"c"	12	"22"	"Rep2"	"MINUS_S"	"(-P)"	"Agar_Plant"	"minus_s"	"C12"	"P8Plate4VarioDrop"	"Plate4VarioDropC12"
"317"	"Plate4_c_2"	"Plate4"	"c"	2	"r35"	"Rep2"	"MINUS_S"	"(MS)"	"Root"	"minus_s"	"C2"	"P28Plate4VarioDrop"	"Plate4VarioDropC2"
"318"	"Plate4_c_3"	"Plate4"	"c"	3	"r31"	"Rep2"	"MINUS_S"	"(pH8.2)"	"Root"	"minus_s"	"C3"	"P31Plate4VarioDrop"	"Plate4VarioDropC3"
"319"	"Plate4_c_4"	"Plate4"	"c"	4	"l56"	"Rep2"	"MINUS_SMINUS_V"	"control"	"Shoot"	"minus_sminus_v"	"C4"	"P10Plate4VarioDrop"	"Plate4VarioDropC4"
"320"	"Plate4_c_5"	"Plate4"	"c"	5	"l42"	"Rep2"	"MINUS_V"	"(-P)"	"Shoot"	"minus_v"	"C5"	"P50Plate4VarioDrop"	"Plate4VarioDropC5"
"321"	"Plate4_c_6"	"Plate4"	"c"	6	"53"	"Rep2"	"MINUS_V"	"control"	"Agar_Plant"	"minus_v"	"C6"	"P24Plate4VarioDrop"	"Plate4VarioDropC6"
"322"	"Plate4_c_7"	"Plate4"	"c"	7	"r12"	"Rep2"	"FULL"	"(31C)"	"Root"	"full"	"C7"	"P60Plate4VarioDrop"	"Plate4VarioDropC7"
"323"	"Plate4_c_8"	"Plate4"	"c"	8	"r22"	"Rep2"	"MINUS_S"	"(-P)"	"Root"	"minus_s"	"C8"	"P87Plate4VarioDrop"	"Plate4VarioDropC8"
"324"	"Plate4_c_9"	"Plate4"	"c"	9	"i(full)"	"Rep2"	"I_FULL"	"inoculum"	"Inoculum"	"i_full"	"C9"	"P79Plate4VarioDrop"	"Plate4VarioDropC9"
"325"	"Plate4_d_1"	"Plate4"	"d"	1	"r18"	"Rep2"	"FULL"	"(MS)"	"Root"	"full"	"D1"	"P57Plate4VarioDrop"	"Plate4VarioDropD1"
"326"	"Plate4_d_10"	"Plate4"	"d"	10	"r8"	"Rep2"	"FULL"	"(+Na)"	"Root"	"full"	"D10"	"P34Plate4VarioDrop"	"Plate4VarioDropD10"
"327"	"Plate4_d_11"	"Plate4"	"d"	11	"l59"	"Rep2"	"MINUS_SMINUS_V"	"(-P)"	"Shoot"	"minus_sminus_v"	"D11"	"P35Plate4VarioDrop"	"Plate4VarioDropD11"
"328"	"Plate4_d_12"	"Plate4"	"d"	12	"i(v)"	"Rep2"	"I_V"	"inoculum"	"Inoculum"	"i_v"	"D12"	"P86Plate4VarioDrop"	"Plate4VarioDropD12"
"329"	"Plate4_d_2"	"Plate4"	"d"	2	"6"	"Rep2"	"FULL"	"(-P)"	"Agar_Plant"	"full"	"D2"	"P92Plate4VarioDrop"	"Plate4VarioDropD2"
"330"	"Plate4_d_3"	"Plate4"	"d"	3	"l45"	"Rep2"	"MINUS_V"	"(+Na)"	"Shoot"	"minus_v"	"D3"	"P40Plate4VarioDrop"	"Plate4VarioDropD3"
"331"	"Plate4_d_4"	"Plate4"	"d"	4	"21"	"Rep2"	"MINUS_S"	"(-P)"	"Agar_Plant"	"minus_s"	"D4"	"P39Plate4VarioDrop"	"Plate4VarioDropD4"
"332"	"Plate4_d_5"	"Plate4"	"d"	5	"l19"	"Rep2"	"MINUS_S"	"control"	"Shoot"	"minus_s"	"D5"	"P56Plate4VarioDrop"	"Plate4VarioDropD5"
"333"	"Plate4_d_6"	"Plate4"	"d"	6	"r65"	"Rep2"	"MINUS_SMINUS_V"	"(31C)"	"Root"	"minus_sminus_v"	"D6"	"P69Plate4VarioDrop"	"Plate4VarioDropD6"
"334"	"Plate4_d_7"	"Plate4"	"d"	7	"r66"	"Rep2"	"MINUS_SMINUS_V"	"(31C)"	"Root"	"minus_sminus_v"	"D7"	"P4Plate4VarioDrop"	"Plate4VarioDropD7"
"335"	"Plate4_d_8"	"Plate4"	"d"	8	"l20"	"Rep2"	"MINUS_S"	"control"	"Shoot"	"minus_s"	"D8"	"P16Plate4VarioDrop"	"Plate4VarioDropD8"
"336"	"Plate4_d_9"	"Plate4"	"d"	9	"r47"	"Rep2"	"MINUS_V"	"(31C)"	"Root"	"minus_v"	"D9"	"P55Plate4VarioDrop"	"Plate4VarioDropD9"
"337"	"Plate4_e_1"	"Plate4"	"e"	1	"1"	"Rep2"	"FULL"	"control"	"Agar_Plant"	"full"	"E1"	"P22Plate4VarioDrop"	"Plate4VarioDropE1"
"338"	"Plate4_e_10"	"Plate4"	"e"	10	"l2"	"Rep2"	"FULL"	"control"	"Shoot"	"full"	"E10"	"P36Plate4VarioDrop"	"Plate4VarioDropE10"
"339"	"Plate4_e_11"	"Plate4"	"e"	11	"80"	"Rep2"	"D+V"	"Contol"	"Agar_Plant"	"d_plus_v"	"E11"	"P7Plate4VarioDrop"	"Plate4VarioDropE11"
"340"	"Plate4_e_12"	"Plate4"	"e"	12	"l55"	"Rep2"	"MINUS_SMINUS_V"	"control"	"Shoot"	"minus_sminus_v"	"E12"	"P52Plate4VarioDrop"	"Plate4VarioDropE12"
"341"	"Plate4_e_2"	"Plate4"	"e"	2	"l50"	"Rep2"	"MINUS_V"	"(pH8.2)"	"Shoot"	"minus_v"	"E2"	"P38Plate4VarioDrop"	"Plate4VarioDropE2"
"342"	"Plate4_e_3"	"Plate4"	"e"	3	"l71"	"Rep2"	"MINUS_SMINUS_V"	"(MS)"	"Shoot"	"minus_sminus_v"	"E3"	"P13Plate4VarioDrop"	"Plate4VarioDropE3"
"343"	"Plate4_e_4"	"Plate4"	"e"	4	"r36"	"Rep2"	"MINUS_S"	"(MS)"	"Root"	"minus_s"	"E4"	"P1Plate4VarioDrop"	"Plate4VarioDropE4"
"344"	"Plate4_e_5"	"Plate4"	"e"	5	"l38"	"Rep2"	"MINUS_V"	"control"	"Shoot"	"minus_v"	"E5"	"P68Plate4VarioDrop"	"Plate4VarioDropE5"
"345"	"Plate4_e_6"	"Plate4"	"e"	6	"l60"	"Rep2"	"MINUS_SMINUS_V"	"(-P)"	"Shoot"	"minus_sminus_v"	"E6"	"P66Plate4VarioDrop"	"Plate4VarioDropE6"
"346"	"Plate4_e_7"	"Plate4"	"e"	7	"i(-v)"	"Rep2"	"I_MINUS_V"	"inoculum"	"Inoculum"	"i_minus_v"	"E7"	"P83Plate4VarioDrop"	"Plate4VarioDropE7"
"347"	"Plate4_e_8"	"Plate4"	"e"	8	"l48"	"Rep2"	"MINUS_V"	"(31C)"	"Shoot"	"minus_v"	"E8"	"P6Plate4VarioDrop"	"Plate4VarioDropE8"
"348"	"Plate4_e_9"	"Plate4"	"e"	9	"45"	"Rep2"	"MINUS_V"	"(31C)"	"Agar_Plant"	"minus_v"	"E9"	"P23Plate4VarioDrop"	"Plate4VarioDropE9"
"349"	"Plate4_f_1"	"Plate4"	"f"	1	"2"	"Rep2"	"FULL"	"control"	"Agar_Plant"	"full"	"F1"	"P80Plate4VarioDrop"	"Plate4VarioDropF1"
"350"	"Plate4_f_10"	"Plate4"	"f"	10	"l77"	"Rep2"	"D"	"Contol"	"Shoot"	"d"	"F10"	"P47Plate4VarioDrop"	"Plate4VarioDropF10"
"351"	"Plate4_f_11"	"Plate4"	"f"	11	"l24"	"Rep2"	"MINUS_S"	"(-P)"	"Shoot"	"minus_s"	"F11"	"P21Plate4VarioDrop"	"Plate4VarioDropF11"
"352"	"Plate4_f_12"	"Plate4"	"f"	12	"33"	"Rep2"	"MINUS_S"	"(MS)"	"Agar_Plant"	"minus_s"	"F12"	"P70Plate4VarioDrop"	"Plate4VarioDropF12"
"353"	"Plate4_f_2"	"Plate4"	"f"	2	"r43"	"Rep2"	"MINUS_V"	"(+Na)"	"Root"	"minus_v"	"F2"	"P25Plate4VarioDrop"	"Plate4VarioDropF2"
"354"	"Plate4_f_3"	"Plate4"	"f"	3	"r25"	"Rep2"	"MINUS_S"	"(+Na)"	"Root"	"minus_s"	"F3"	"P67Plate4VarioDrop"	"Plate4VarioDropF3"
"355"	"Plate4_f_4"	"Plate4"	"f"	4	"47"	"Rep2"	"MINUS_V"	"(pH8.2)"	"Agar_Plant"	"minus_v"	"F4"	"P84Plate4VarioDrop"	"Plate4VarioDropF4"
"356"	"Plate4_f_5"	"Plate4"	"f"	5	"l37"	"Rep2"	"MINUS_V"	"control"	"Shoot"	"minus_v"	"F5"	"P77Plate4VarioDrop"	"Plate4VarioDropF5"
"357"	"Plate4_f_6"	"Plate4"	"f"	6	"74"	"Rep2"	"C"	"Contol"	"Agar_Plant"	"c"	"F6"	"P95Plate4VarioDrop"	"Plate4VarioDropF6"
"358"	"Plate4_f_7"	"Plate4"	"f"	7	"23"	"Rep2"	"MINUS_S"	"(-P)"	"Agar_Plant"	"minus_s"	"F7"	"P72Plate4VarioDrop"	"Plate4VarioDropF7"
"359"	"Plate4_f_8"	"Plate4"	"f"	8	"l29"	"Rep2"	"MINUS_S"	"(31C)"	"Shoot"	"minus_s"	"F8"	"P94Plate4VarioDrop"	"Plate4VarioDropF8"
"360"	"Plate4_f_9"	"Plate4"	"f"	9	"21"	"Rep2"	"MINUS_S"	"(-P)"	"Agar_Plant"	"minus_s"	"F9"	"P61Plate4VarioDrop"	"Plate4VarioDropF9"
"361"	"Plate4_g_1"	"Plate4"	"g"	1	"r11"	"Rep2"	"FULL"	"(31C)"	"Root"	"full"	"G1"	"P62Plate4VarioDrop"	"Plate4VarioDropG1"
"362"	"Plate4_g_10"	"Plate4"	"g"	10	"r62"	"Rep2"	"MINUS_SMINUS_V"	"(+Na)"	"Root"	"minus_sminus_v"	"G10"	"P46Plate4VarioDrop"	"Plate4VarioDropG10"
"363"	"Plate4_g_11"	"Plate4"	"g"	11	"71"	"Rep2"	"MINUS_SMINUS_V"	"Contol"	"Agar_Plant"	"minus_sminus_v"	"G11"	"P2Plate4VarioDrop"	"Plate4VarioDropG11"
"364"	"Plate4_g_12"	"Plate4"	"g"	12	"r72"	"Rep2"	"MINUS_SMINUS_V"	"(MS)"	"Root"	"minus_sminus_v"	"G12"	"P33Plate4VarioDrop"	"Plate4VarioDropG12"
"365"	"Plate4_g_2"	"Plate4"	"g"	2	"r79"	"Rep2"	"D+V"	"Contol"	"Root"	"d_plus_v"	"G2"	"P49Plate4VarioDrop"	"Plate4VarioDropG2"
"366"	"Plate4_g_3"	"Plate4"	"g"	3	"r63"	"Rep2"	"MINUS_SMINUS_V"	"(+Na)"	"Root"	"minus_sminus_v"	"G3"	"P12Plate4VarioDrop"	"Plate4VarioDropG3"
"367"	"Plate4_g_4"	"Plate4"	"g"	4	"l43"	"Rep2"	"MINUS_V"	"(+Na)"	"Shoot"	"minus_v"	"G4"	"P81Plate4VarioDrop"	"Plate4VarioDropG4"
"368"	"Plate4_g_5"	"Plate4"	"g"	5	"l64"	"Rep2"	"MINUS_SMINUS_V"	"(31C)"	"Shoot"	"minus_sminus_v"	"G5"	"P15Plate4VarioDrop"	"Plate4VarioDropG5"
"369"	"Plate4_g_6"	"Plate4"	"g"	6	"r59"	"Rep2"	"MINUS_SMINUS_V"	"(-P)"	"Root"	"minus_sminus_v"	"G6"	"P64Plate4VarioDrop"	"Plate4VarioDropG6"
"370"	"Plate4_g_7"	"Plate4"	"g"	7	"l12"	"Rep2"	"FULL"	"(31C)"	"Shoot"	"full"	"G7"	"P42Plate4VarioDrop"	"Plate4VarioDropG7"
"371"	"Plate4_g_8"	"Plate4"	"g"	8	"r1"	"Rep2"	"FULL"	"control"	"Root"	"full"	"G8"	"P14Plate4VarioDrop"	"Plate4VarioDropG8"
"372"	"Plate4_g_9"	"Plate4"	"g"	9	"28"	"Rep2"	"MINUS_S"	"(31C)"	"Agar_Plant"	"minus_s"	"G9"	"P9Plate4VarioDrop"	"Plate4VarioDropG9"
"373"	"Plate4_h_1"	"Plate4"	"h"	1	"r17"	"Rep2"	"FULL"	"(MS)"	"Root"	"full"	"H1"	"P19Plate4VarioDrop"	"Plate4VarioDropH1"
"374"	"Plate4_h_10"	"Plate4"	"h"	10	"39"	"Rep2"	"MINUS_V"	"(-P)"	"Agar_Plant"	"minus_v"	"H10"	"P63Plate4VarioDrop"	"Plate4VarioDropH10"
"375"	"Plate4_h_11"	"Plate4"	"h"	11	"44"	"Rep2"	"MINUS_V"	"(31C)"	"Agar_Plant"	"minus_v"	"H11"	"P75Plate4VarioDrop"	"Plate4VarioDropH11"
"377"	"Plate4_h_2"	"Plate4"	"h"	2	"72"	"Rep2"	"MINUS_SMINUS_V"	"Contol"	"Agar_Plant"	"minus_sminus_v"	"H2"	"P43Plate4VarioDrop"	"Plate4VarioDropH2"
"378"	"Plate4_h_3"	"Plate4"	"h"	3	"76"	"Rep2"	"C+V"	"Contol"	"Agar_Plant"	"c_plus_v"	"H3"	"P26Plate4VarioDrop"	"Plate4VarioDropH3"
"379"	"Plate4_h_4"	"Plate4"	"h"	4	"l41"	"Rep2"	"MINUS_V"	"(-P)"	"Shoot"	"minus_v"	"H4"	"P91Plate4VarioDrop"	"Plate4VarioDropH4"
"380"	"Plate4_h_5"	"Plate4"	"h"	5	"l70"	"Rep2"	"MINUS_SMINUS_V"	"(MS)"	"Shoot"	"minus_sminus_v"	"H5"	"P48Plate4VarioDrop"	"Plate4VarioDropH5"
"381"	"Plate4_h_6"	"Plate4"	"h"	6	"67"	"Rep2"	"MINUS_SMINUS_V"	"(MS)"	"Agar_Plant"	"minus_sminus_v"	"H6"	"P65Plate4VarioDrop"	"Plate4VarioDropH6"
"382"	"Plate4_h_7"	"Plate4"	"h"	7	"66"	"Rep2"	"MINUS_SMINUS_V"	"(pH8.2)"	"Agar_Plant"	"minus_sminus_v"	"H7"	"P20Plate4VarioDrop"	"Plate4VarioDropH7"
"383"	"Plate4_h_8"	"Plate4"	"h"	8	"r10"	"Rep2"	"FULL"	"(31C)"	"Root"	"full"	"H8"	"P76Plate4VarioDrop"	"Plate4VarioDropH8"
"384"	"Plate4_h_9"	"Plate4"	"h"	9	"r37"	"Rep2"	"MINUS_V"	"control"	"Root"	"minus_v"	"H9"	"P51Plate4VarioDrop"	"Plate4VarioDropH9"
"385"	"Plate5_a_1"	"Plate5"	"a"	1	"r32"	"Rep1"	"MINUS_S"	"(pH8.2)"	"Root"	"minus_s"	"A1"	"P0Plate5VarioDrop"	"Plate5VarioDropA1"
"387"	"Plate5_a_11"	"Plate5"	"a"	11	"12"	"Rep1"	"FULL"	"(31C)"	"Agar_Plant"	"full"	"A11"	"P85Plate5VarioDrop"	"Plate5VarioDropA11"
"388"	"Plate5_a_12"	"Plate5"	"a"	12	"26"	"Rep1"	"MINUS_S"	"(+Na)"	"Agar_Plant"	"minus_s"	"A12"	"P82Plate5VarioDrop"	"Plate5VarioDropA12"
"389"	"Plate5_a_2"	"Plate5"	"a"	2	"9"	"Rep1"	"FULL"	"(+Na)"	"Agar_Plant"	"full"	"A2"	"P27Plate5VarioDrop"	"Plate5VarioDropA2"
"390"	"Plate5_a_3"	"Plate5"	"a"	3	"6"	"Rep1"	"FULL"	"(-P)"	"Agar_Plant"	"full"	"A3"	"P32Plate5VarioDrop"	"Plate5VarioDropA3"
"391"	"Plate5_a_4"	"Plate5"	"a"	4	"l51"	"Rep1"	"MINUS_V"	"(MS)"	"Shoot"	"minus_v"	"A4"	"P3Plate5VarioDrop"	"Plate5VarioDropA4"
"392"	"Plate5_a_5"	"Plate5"	"a"	5	"r60"	"Rep1"	"MINUS_SMINUS_V"	"(+Na)"	"Root"	"minus_sminus_v"	"A5"	"P29Plate5VarioDrop"	"Plate5VarioDropA5"
"393"	"Plate5_a_6"	"Plate5"	"a"	6	"65"	"Rep1"	"MINUS_SMINUS_V"	"(pH8.2)"	"Agar_Plant"	"minus_sminus_v"	"A6"	"P73Plate5VarioDrop"	"Plate5VarioDropA6"
"394"	"Plate5_a_7"	"Plate5"	"a"	7	"3"	"Rep1"	"FULL"	"control"	"Agar_Plant"	"full"	"A7"	"P74Plate5VarioDrop"	"Plate5VarioDropA7"
"395"	"Plate5_a_8"	"Plate5"	"a"	8	"l47"	"Rep1"	"MINUS_V"	"(pH8.2)"	"Shoot"	"minus_v"	"A8"	"P89Plate5VarioDrop"	"Plate5VarioDropA8"
"396"	"Plate5_a_9"	"Plate5"	"a"	9	"60"	"Rep1"	"MINUS_SMINUS_V"	"(+Na)"	"Agar_Plant"	"minus_sminus_v"	"A9"	"P30Plate5VarioDrop"	"Plate5VarioDropA9"
"397"	"Plate5_b_1"	"Plate5"	"b"	1	"l27"	"Rep1"	"MINUS_S"	"(31C)"	"Shoot"	"minus_s"	"B1"	"P53Plate5VarioDrop"	"Plate5VarioDropB1"
"398"	"Plate5_b_10"	"Plate5"	"b"	10	"r45"	"Rep1"	"MINUS_V"	"(31C)"	"Root"	"minus_v"	"B10"	"P88Plate5VarioDrop"	"Plate5VarioDropB10"
"399"	"Plate5_b_11"	"Plate5"	"b"	11	"67"	"Rep1"	"MINUS_SMINUS_V"	"(MS)"	"Agar_Plant"	"minus_sminus_v"	"B11"	"P44Plate5VarioDrop"	"Plate5VarioDropB11"
"400"	"Plate5_b_12"	"Plate5"	"b"	12	"r28"	"Rep1"	"MINUS_S"	"(31C)"	"Root"	"minus_s"	"B12"	"P90Plate5VarioDrop"	"Plate5VarioDropB12"
"401"	"Plate5_b_2"	"Plate5"	"b"	2	"r56"	"Rep1"	"MINUS_SMINUS_V"	"(-P)"	"Root"	"minus_sminus_v"	"B2"	"P11Plate5VarioDrop"	"Plate5VarioDropB2"
"402"	"Plate5_b_3"	"Plate5"	"b"	3	"l29"	"Rep1"	"MINUS_S"	"(31C)"	"Shoot"	"minus_s"	"B3"	"P93Plate5VarioDrop"	"Plate5VarioDropB3"
"403"	"Plate5_b_4"	"Plate5"	"b"	4	"l9"	"Rep1"	"FULL"	"(+Na)"	"Shoot"	"full"	"B4"	"P17Plate5VarioDrop"	"Plate5VarioDropB4"
"404"	"Plate5_b_5"	"Plate5"	"b"	5	"r61"	"Rep1"	"MINUS_SMINUS_V"	"(31C)"	"Root"	"minus_sminus_v"	"B5"	"P37Plate5VarioDrop"	"Plate5VarioDropB5"
"405"	"Plate5_b_6"	"Plate5"	"b"	6	"r67"	"Rep1"	"MINUS_SMINUS_V"	"(MS)"	"Root"	"minus_sminus_v"	"B6"	"P71Plate5VarioDrop"	"Plate5VarioDropB6"
"406"	"Plate5_b_7"	"Plate5"	"b"	7	"l68"	"Rep1"	"MINUS_SMINUS_V"	"(MS)"	"Shoot"	"minus_sminus_v"	"B7"	"P45Plate5VarioDrop"	"Plate5VarioDropB7"
"407"	"Plate5_b_8"	"Plate5"	"b"	8	"28"	"Rep1"	"MINUS_S"	"(31C)"	"Agar_Plant"	"minus_s"	"B8"	"P54Plate5VarioDrop"	"Plate5VarioDropB8"
"408"	"Plate5_b_9"	"Plate5"	"b"	9	"l60"	"Rep1"	"MINUS_SMINUS_V"	"(+Na)"	"Shoot"	"minus_sminus_v"	"B9"	"P41Plate5VarioDrop"	"Plate5VarioDropB9"
"409"	"Plate5_c_1"	"Plate5"	"c"	1	"14"	"Rep1"	"FULL"	"(pH8.2)"	"Agar_Plant"	"full"	"C1"	"P58Plate5VarioDrop"	"Plate5VarioDropC1"
"410"	"Plate5_c_10"	"Plate5"	"c"	10	"l52"	"Rep1"	"MINUS_SMINUS_V"	"control"	"Shoot"	"minus_sminus_v"	"C10"	"P59Plate5VarioDrop"	"Plate5VarioDropC10"
"411"	"Plate5_c_11"	"Plate5"	"c"	11	"r48"	"Rep1"	"MINUS_V"	"(pH8.2)"	"Root"	"minus_v"	"C11"	"P5Plate5VarioDrop"	"Plate5VarioDropC11"
"412"	"Plate5_c_12"	"Plate5"	"c"	12	"r40"	"Rep1"	"MINUS_V"	"(-P)"	"Root"	"minus_v"	"C12"	"P8Plate5VarioDrop"	"Plate5VarioDropC12"
"413"	"Plate5_c_2"	"Plate5"	"c"	2	"r18"	"Rep1"	"MINUS_S"	"control"	"Root"	"minus_s"	"C2"	"P28Plate5VarioDrop"	"Plate5VarioDropC2"
"414"	"Plate5_c_3"	"Plate5"	"c"	3	"l44"	"Rep1"	"MINUS_V"	"(31C)"	"Shoot"	"minus_v"	"C3"	"P31Plate5VarioDrop"	"Plate5VarioDropC3"
"415"	"Plate5_c_4"	"Plate5"	"c"	4	"52"	"Rep1"	"MINUS_SMINUS_V"	"control"	"Agar_Plant"	"minus_sminus_v"	"C4"	"P10Plate5VarioDrop"	"Plate5VarioDropC4"
"416"	"Plate5_c_5"	"Plate5"	"c"	5	"r44"	"Rep1"	"MINUS_V"	"(31C)"	"Root"	"minus_v"	"C5"	"P50Plate5VarioDrop"	"Plate5VarioDropC5"
"417"	"Plate5_c_6"	"Plate5"	"c"	6	"r39"	"Rep1"	"MINUS_V"	"(-P)"	"Root"	"minus_v"	"C6"	"P24Plate5VarioDrop"	"Plate5VarioDropC6"
"418"	"Plate5_c_7"	"Plate5"	"c"	7	"29"	"Rep1"	"MINUS_S"	"(31C)"	"Agar_Plant"	"minus_s"	"C7"	"P60Plate5VarioDrop"	"Plate5VarioDropC7"
"419"	"Plate5_c_8"	"Plate5"	"c"	8	"r76"	"Rep1"	"D+V"	"Contol"	"Root"	"d_plus_v"	"C8"	"P87Plate5VarioDrop"	"Plate5VarioDropC8"
"420"	"Plate5_c_9"	"Plate5"	"c"	9	"l42"	"Rep1"	"MINUS_V"	"(+Na)"	"Shoot"	"minus_v"	"C9"	"P79Plate5VarioDrop"	"Plate5VarioDropC9"
"421"	"Plate5_d_1"	"Plate5"	"d"	1	"70"	"Rep1"	"C"	"Contol"	"Agar_Plant"	"c"	"D1"	"P57Plate5VarioDrop"	"Plate5VarioDropD1"
"422"	"Plate5_d_10"	"Plate5"	"d"	10	"r30"	"Rep1"	"MINUS_S"	"(pH8.2)"	"Root"	"minus_s"	"D10"	"P34Plate5VarioDrop"	"Plate5VarioDropD10"
"423"	"Plate5_d_11"	"Plate5"	"d"	11	"r58"	"Rep1"	"MINUS_SMINUS_V"	"(+Na)"	"Root"	"minus_sminus_v"	"D11"	"P35Plate5VarioDrop"	"Plate5VarioDropD11"
"424"	"Plate5_d_12"	"Plate5"	"d"	12	"l25"	"Rep1"	"MINUS_S"	"(+Na)"	"Shoot"	"minus_s"	"D12"	"P86Plate5VarioDrop"	"Plate5VarioDropD12"
"425"	"Plate5_d_2"	"Plate5"	"d"	2	"r4"	"Rep1"	"FULL"	"(-P)"	"Root"	"full"	"D2"	"P92Plate5VarioDrop"	"Plate5VarioDropD2"
"426"	"Plate5_d_3"	"Plate5"	"d"	3	"68"	"Rep1"	"MINUS_SMINUS_V"	"(MS)"	"Agar_Plant"	"minus_sminus_v"	"D3"	"P40Plate5VarioDrop"	"Plate5VarioDropD3"
"427"	"Plate5_d_4"	"Plate5"	"d"	4	"74"	"Rep1"	"D"	"Contol"	"Agar_Plant"	"d"	"D4"	"P39Plate5VarioDrop"	"Plate5VarioDropD4"
"428"	"Plate5_d_5"	"Plate5"	"d"	5	"r71"	"Rep1"	"C+V"	"Contol"	"Root"	"c_plus_v"	"D5"	"P56Plate5VarioDrop"	"Plate5VarioDropD5"
"429"	"Plate5_d_6"	"Plate5"	"d"	6	"r27"	"Rep1"	"MINUS_S"	"(31C)"	"Root"	"minus_s"	"D6"	"P69Plate5VarioDrop"	"Plate5VarioDropD6"
"430"	"Plate5_d_7"	"Plate5"	"d"	7	"36"	"Rep1"	"MINUS_V"	"control"	"Agar_Plant"	"minus_v"	"D7"	"P4Plate5VarioDrop"	"Plate5VarioDropD7"
"433"	"Plate5_e_1"	"Plate5"	"e"	1	"42"	"Rep2"	"MINUS_V"	"(+Na)"	"Agar_Plant"	"minus_v"	"E1"	"P22Plate5VarioDrop"	"Plate5VarioDropE1"
"434"	"Plate5_e_10"	"Plate5"	"e"	10	"r48"	"Rep2"	"MINUS_V"	"(31C)"	"Root"	"minus_v"	"E10"	"P36Plate5VarioDrop"	"Plate5VarioDropE10"
"435"	"Plate5_e_11"	"Plate5"	"e"	11	"l33"	"Rep2"	"MINUS_S"	"(pH8.2)"	"Shoot"	"minus_s"	"E11"	"P7Plate5VarioDrop"	"Plate5VarioDropE11"
"436"	"Plate5_e_12"	"Plate5"	"e"	12	"r77"	"Rep2"	"D"	"Contol"	"Root"	"d"	"E12"	"P52Plate5VarioDrop"	"Plate5VarioDropE12"
"437"	"Plate5_e_2"	"Plate5"	"e"	2	"r9"	"Rep2"	"FULL"	"(+Na)"	"Root"	"full"	"E2"	"P38Plate5VarioDrop"	"Plate5VarioDropE2"
"438"	"Plate5_e_3"	"Plate5"	"e"	3	"l52"	"Rep2"	"MINUS_V"	"(MS)"	"Shoot"	"minus_v"	"E3"	"P13Plate5VarioDrop"	"Plate5VarioDropE3"
"439"	"Plate5_e_4"	"Plate5"	"e"	4	"r53"	"Rep2"	"MINUS_V"	"(MS)"	"Root"	"minus_v"	"E4"	"P1Plate5VarioDrop"	"Plate5VarioDropE4"
"440"	"Plate5_e_5"	"Plate5"	"e"	5	"l49"	"Rep2"	"MINUS_V"	"(pH8.2)"	"Shoot"	"minus_v"	"E5"	"P68Plate5VarioDrop"	"Plate5VarioDropE5"
"441"	"Plate5_e_6"	"Plate5"	"e"	6	"l73"	"Rep2"	"C"	"Contol"	"Shoot"	"c"	"E6"	"P66Plate5VarioDrop"	"Plate5VarioDropE6"
"442"	"Plate5_e_7"	"Plate5"	"e"	7	"13"	"Rep2"	"FULL"	"(pH8.2)"	"Agar_Plant"	"full"	"E7"	"P83Plate5VarioDrop"	"Plate5VarioDropE7"
"443"	"Plate5_e_8"	"Plate5"	"e"	8	"7"	"Rep2"	"FULL"	"(+Na)"	"Agar_Plant"	"full"	"E8"	"P6Plate5VarioDrop"	"Plate5VarioDropE8"
"444"	"Plate5_e_9"	"Plate5"	"e"	9	"r74"	"Rep2"	"C"	"Contol"	"Root"	"c"	"E9"	"P23Plate5VarioDrop"	"Plate5VarioDropE9"
"445"	"Plate5_f_1"	"Plate5"	"f"	1	"69"	"Rep2"	"MINUS_SMINUS_V"	"Contol"	"Agar_Plant"	"minus_sminus_v"	"F1"	"P80Plate5VarioDrop"	"Plate5VarioDropF1"
"446"	"Plate5_f_10"	"Plate5"	"f"	10	"l8"	"Rep2"	"FULL"	"(+Na)"	"Shoot"	"full"	"F10"	"P47Plate5VarioDrop"	"Plate5VarioDropF10"
"447"	"Plate5_f_11"	"Plate5"	"f"	11	"r42"	"Rep2"	"MINUS_V"	"(-P)"	"Root"	"minus_v"	"F11"	"P21Plate5VarioDrop"	"Plate5VarioDropF11"
"448"	"Plate5_f_12"	"Plate5"	"f"	12	"l72"	"Rep2"	"MINUS_SMINUS_V"	"(MS)"	"Shoot"	"minus_sminus_v"	"F12"	"P70Plate5VarioDrop"	"Plate5VarioDropF12"
"449"	"Plate5_f_2"	"Plate5"	"f"	2	"l68"	"Rep2"	"MINUS_SMINUS_V"	"(pH8.2)"	"Shoot"	"minus_sminus_v"	"F2"	"P25Plate5VarioDrop"	"Plate5VarioDropF2"
"450"	"Plate5_f_3"	"Plate5"	"f"	3	"l57"	"Rep2"	"MINUS_SMINUS_V"	"control"	"Shoot"	"minus_sminus_v"	"F3"	"P67Plate5VarioDrop"	"Plate5VarioDropF3"
"451"	"Plate5_f_4"	"Plate5"	"f"	4	"l35"	"Rep2"	"MINUS_S"	"(MS)"	"Shoot"	"minus_s"	"F4"	"P84Plate5VarioDrop"	"Plate5VarioDropF4"
"452"	"Plate5_f_5"	"Plate5"	"f"	5	"26"	"Rep2"	"MINUS_S"	"(+Na)"	"Agar_Plant"	"minus_s"	"F5"	"P77Plate5VarioDrop"	"Plate5VarioDropF5"
"453"	"Plate5_f_6"	"Plate5"	"f"	6	"l5"	"Rep2"	"FULL"	"(-P)"	"Shoot"	"full"	"F6"	"P95Plate5VarioDrop"	"Plate5VarioDropF6"
"454"	"Plate5_f_7"	"Plate5"	"f"	7	"l66"	"Rep2"	"MINUS_SMINUS_V"	"(31C)"	"Shoot"	"minus_sminus_v"	"F7"	"P72Plate5VarioDrop"	"Plate5VarioDropF7"
"455"	"Plate5_f_8"	"Plate5"	"f"	8	"l53"	"Rep2"	"MINUS_V"	"(MS)"	"Shoot"	"minus_v"	"F8"	"P94Plate5VarioDrop"	"Plate5VarioDropF8"
"456"	"Plate5_f_9"	"Plate5"	"f"	9	"36"	"Rep2"	"MINUS_S"	"control"	"Agar_Plant"	"minus_s"	"F9"	"P61Plate5VarioDrop"	"Plate5VarioDropF9"
"457"	"Plate5_g_1"	"Plate5"	"g"	1	"17"	"Rep2"	"FULL"	"(MS)"	"Agar_Plant"	"full"	"G1"	"P62Plate5VarioDrop"	"Plate5VarioDropG1"
"458"	"Plate5_g_10"	"Plate5"	"g"	10	"r6"	"Rep2"	"FULL"	"(-P)"	"Root"	"full"	"G10"	"P46Plate5VarioDrop"	"Plate5VarioDropG10"
"459"	"Plate5_g_11"	"Plate5"	"g"	11	"48"	"Rep2"	"MINUS_V"	"(pH8.2)"	"Agar_Plant"	"minus_v"	"G11"	"P2Plate5VarioDrop"	"Plate5VarioDropG11"
"460"	"Plate5_g_12"	"Plate5"	"g"	12	"56"	"Rep2"	"MINUS_SMINUS_V"	"(-P)"	"Agar_Plant"	"minus_sminus_v"	"G12"	"P33Plate5VarioDrop"	"Plate5VarioDropG12"
"461"	"Plate5_g_2"	"Plate5"	"g"	2	"10"	"Rep2"	"FULL"	"(31C)"	"Agar_Plant"	"full"	"G2"	"P49Plate5VarioDrop"	"Plate5VarioDropG2"
"462"	"Plate5_g_3"	"Plate5"	"g"	3	"78"	"Rep2"	"D"	"Contol"	"Agar_Plant"	"d"	"G3"	"P12Plate5VarioDrop"	"Plate5VarioDropG3"
"463"	"Plate5_g_4"	"Plate5"	"g"	4	"r4"	"Rep2"	"FULL"	"(-P)"	"Root"	"full"	"G4"	"P81Plate5VarioDrop"	"Plate5VarioDropG4"
"464"	"Plate5_g_5"	"Plate5"	"g"	5	"37"	"Rep2"	"MINUS_V"	"control"	"Agar_Plant"	"minus_v"	"G5"	"P15Plate5VarioDrop"	"Plate5VarioDropG5"
"465"	"Plate5_g_6"	"Plate5"	"g"	6	"r73"	"Rep2"	"C"	"Contol"	"Root"	"c"	"G6"	"P64Plate5VarioDrop"	"Plate5VarioDropG6"
"466"	"Plate5_g_7"	"Plate5"	"g"	7	"l14"	"Rep2"	"FULL"	"(pH8.2)"	"Shoot"	"full"	"G7"	"P42Plate5VarioDrop"	"Plate5VarioDropG7"
"467"	"Plate5_g_8"	"Plate5"	"g"	8	"31"	"Rep2"	"MINUS_S"	"(pH8.2)"	"Agar_Plant"	"minus_s"	"G8"	"P14Plate5VarioDrop"	"Plate5VarioDropG8"
"468"	"Plate5_g_9"	"Plate5"	"g"	9	"r50"	"Rep2"	"MINUS_V"	"(pH8.2)"	"Root"	"minus_v"	"G9"	"P9Plate5VarioDrop"	"Plate5VarioDropG9"
"469"	"Plate5_h_1"	"Plate5"	"h"	1	"34"	"Rep2"	"MINUS_S"	"(MS)"	"Agar_Plant"	"minus_s"	"H1"	"P19Plate5VarioDrop"	"Plate5VarioDropH1"
"470"	"Plate5_h_10"	"Plate5"	"h"	10	"r3"	"Rep2"	"FULL"	"control"	"Root"	"full"	"H10"	"P63Plate5VarioDrop"	"Plate5VarioDropH10"
"471"	"Plate5_h_11"	"Plate5"	"h"	11	"l3"	"Rep2"	"FULL"	"control"	"Shoot"	"full"	"H11"	"P75Plate5VarioDrop"	"Plate5VarioDropH11"
"472"	"Plate5_h_12"	"Plate5"	"h"	12	"l26"	"Rep2"	"MINUS_S"	"(+Na)"	"Shoot"	"minus_s"	"H12"	"P78Plate5VarioDrop"	"Plate5VarioDropH12"
"473"	"Plate5_h_2"	"Plate5"	"h"	2	"70"	"Rep2"	"MINUS_SMINUS_V"	"Contol"	"Agar_Plant"	"minus_sminus_v"	"H2"	"P43Plate5VarioDrop"	"Plate5VarioDropH2"
"474"	"Plate5_h_3"	"Plate5"	"h"	3	"l10"	"Rep2"	"FULL"	"(31C)"	"Shoot"	"full"	"H3"	"P26Plate5VarioDrop"	"Plate5VarioDropH3"
"475"	"Plate5_h_4"	"Plate5"	"h"	4	"r20"	"Rep2"	"MINUS_S"	"control"	"Root"	"minus_s"	"H4"	"P91Plate5VarioDrop"	"Plate5VarioDropH4"
"476"	"Plate5_h_5"	"Plate5"	"h"	5	"r21"	"Rep2"	"MINUS_S"	"control"	"Root"	"minus_s"	"H5"	"P48Plate5VarioDrop"	"Plate5VarioDropH5"
"477"	"Plate5_h_6"	"Plate5"	"h"	6	"35"	"Rep2"	"MINUS_S"	"control"	"Agar_Plant"	"minus_s"	"H6"	"P65Plate5VarioDrop"	"Plate5VarioDropH6"
"478"	"Plate5_h_7"	"Plate5"	"h"	7	"43"	"Rep2"	"MINUS_V"	"(+Na)"	"Agar_Plant"	"minus_v"	"H7"	"P20Plate5VarioDrop"	"Plate5VarioDropH7"
"479"	"Plate5_h_8"	"Plate5"	"h"	8	"r75"	"Rep2"	"C+V"	"Contol"	"Root"	"c_plus_v"	"H8"	"P76Plate5VarioDrop"	"Plate5VarioDropH8"
"480"	"Plate5_h_9"	"Plate5"	"h"	9	"32"	"Rep2"	"MINUS_S"	"(pH8.2)"	"Agar_Plant"	"minus_s"	"H9"	"P51Plate5VarioDrop"	"Plate5VarioDropH9"
